Program ID,Location ID,Final URL,Image URL,Area of study,Program name,Subtitle,Program description,Address,Contextual keywords,Similar program IDs
5508,toivala-siilinjarvi,https://savonkoulutus.fi/koulutukset/vesityokorttitentti-10-11-2026-toivala/,https://savonkoulutus.fi/wp-content/uploads/2024/12/sakky_oy-1400x883.jpg,"Kone-, tuotanto- ja energiatekniikka","Vesityökorttitentti, Toivala",Alkaa 10.11.2026 · Toivala (Siilinjärvi),"10.11.2026 klo 14.00 Haapamäentie 1, Toivala Tentin voi suorittaa vesilaitos- ja/tai vesijohtoverkoston osiosta. Läpäisty tentti oikeuttaa Lupa- ja valvontaviraston myöntämään vesityökorttiin, joka toimitetaan postissa. Tentti tehdään Lupa- ja valvontaviraston Moodle järjestelmästä, joka vaatii suorittajalta vahvan tunnistautumisen pankkitunnuksilla tai mobiilivarmenteella. Mikäli käytössäsi ei ole vahvaa tunnistautumista, ota yhteyttä kouluttajaan vähintään 14 vrk etukäteen.",,"Vesityökorttitentti, Toivala;Kone-;tuotanto- ja energiatekniikka;Ammatillinen täydennyskoulutus;korttikoulutukset;koulutus Toivala (Siilinjärvi)",
5506,toivala-siilinjarvi,https://savonkoulutus.fi/koulutukset/vesityokortti-8-h-10-11-2026-toivala/,https://savonkoulutus.fi/wp-content/uploads/2024/12/sakky_oy-1400x883.jpg,"Kone-, tuotanto- ja energiatekniikka","Vesityökortti (8 h), Toivala",Alkaa 10.11.2026 · Toivala (Siilinjärvi),"10.11.2026 klo 9 - 16 Haapamäentie 1, Toivala Koulutuksessa käsitellään talousvettä toimittavissa laitoksissa ja talousveden laatuun vaikuttavia toimenpiteissä, kuten putkiasennustöissä huomioitavia näkökohtia. Koulutus antaa riittävät perustiedot • mikrobiologiasta • vesikemiasta, • puhdistustekniikasta, • vesihygieniasta, • käyttötarkkailusta ja • lainsäädännöstä. Riittävistä perustiedoista on säädetty sosiaali- ja terveysministeriön asetuksilla (1350/2006 ja 1351/2006). Koulutuksen jälkeen…",,"Vesityökortti (8 h), Toivala;Kone-;tuotanto- ja energiatekniikka;Ammatillinen täydennyskoulutus;korttikoulutukset;koulutus Toivala (Siilinjärvi)",
5329,verkko,https://savonkoulutus.fi/koulutukset/verkkokurssi-ikaantyneen-ravitsemushoito/,https://savonkoulutus.fi/wp-content/uploads/2024/12/sakky_oy-1400x883.jpg,"Majoitus- ja ravitsemispalvelut, matkailu",Verkkokurssi: Ikääntyneen ravitsemushoito,Alkaa 1.8.2026 · Verkko-opetus,Koulutus toteutetaan itsenäisenä verkko-opiskeluna Moodle-verkkoympäristössä. Ilmoittautumisen jälkeen saat lähipäivinä sähköpostiisi tunnukset ja ohjeistuksen Moodle-verkkoympäristöön. Tunnukset ovat voimassa noin 12 viikkoa. KOULUTUKSEN SISÄLTÖ 1. Johdantoa ruokasuositukseen ja ravitsemushoitoon 2. Potilaan haastattelu hoidon piiriin tullessa 3. Ikääntyneen energiantarpeen arviointi ja annoskoon valinta 4. Ikääntyneen ravintoaineiden tarve ja tehtävät elimistössä 5. Ruoansulatus ja…,,Verkkokurssi: Ikääntyneen ravitsemushoito;Majoitus- ja ravitsemispalvelut;matkailu;Ammatillinen täydennyskoulutus;korttikoulutukset,
5328,verkko,https://savonkoulutus.fi/koulutukset/verkkokurssi-brandi-joka-erottuu-koulutus-brandin-suunnitteluun-ja-johtamiseen/,https://savonkoulutus.fi/wp-content/uploads/2024/12/sakky_oy-1400x883.jpg,"Liiketalous, johtaminen ja yrittäjyys","Verkkokurssi: Brändi, joka erottuu – koulutus brändin suunnitteluun ja johtamiseen",Alkaa 1.8.2026 · Verkko-opetus,"Verkkokoulutus antaa selkeät työkalut brändin rakentamiseen ja johtamiseen - asiakaslupauksesta viestintään ja mittareista pitkäjänteiseen kehittämiseen. Sopii kaikille, jotka haluavat vahvistaa organisaationsa brändiä ja sen vaikuttavuutta. Koulutuksen jälkeen: - Ymmärrät brändityön merkityksen ja tavoitteet – osaat kytkeä brändin organisaation strategiaan ja arjen toimintaan. - Osaat määritellä ja kirkastaa asiakaslupauksen, joka ohjaa markkinointia, viestintää ja palvelukokemusta…",,"Verkkokurssi: Brändi, joka erottuu – koulutus brändin suunnitteluun ja johtamiseen;Liiketalous;johtaminen ja yrittäjyys;Ammatillinen täydennyskoulutus;korttikoulutukset",
5325,kuopio,https://savonkoulutus.fi/koulutukset/vartijan-ja-jarjestyksenvalvojan-voimankayttovalineiden-kertauskoulutus-8-h-18-11-2026/,https://savonkoulutus.fi/wp-content/uploads/2024/12/sakky_oy-1400x883.jpg,Turvallisuus,Vartijan ja järjestyksenvalvojan voimankäyttövälineiden kertauskoulutus (8 h),Alkaa 18.11.2026 · Kuopio,"Keskiviikko 18.11.2026 klo 8–16 Savilahden kampus, Hehkukatu 1, Kuopio Kokoontuminen C-rakennuksen (Valo) pääaulaan Voimankäytön kertauskoulutuksen sisältö: - voimankäyttöä koskevan lainsäädännön kertaus - voimankäyttövälineitä koskevan lainsäädännön kertaus - välinekohtainen voimankäytön harjoittelu ja kertaus - näyttökoe kaikkien kannettavien voimankäyttövälineiden osalta",,Vartijan ja järjestyksenvalvojan voimankäyttövälineiden kertauskoulutus (8 h);Turvallisuus;Ammatillinen täydennyskoulutus;korttikoulutukset;koulutus Kuopio,
5324,kuopio,https://savonkoulutus.fi/koulutukset/vartijan-ja-jarjestyksenvalvojan-voimankayttokoulutus-teleskooppipatukka-6-h-20-10-2026/,https://savonkoulutus.fi/wp-content/uploads/2024/12/sakky_oy-1400x883.jpg,Turvallisuus,"Vartijan ja järjestyksenvalvojan voimankäyttökoulutus, Teleskooppipatukka (6 h)",Alkaa 20.10.2026 · Kuopio,"Tiistai 20.10.2026 klo 8–14 Savilahden kampus, Hehkukatu 1, Kuopio Kokoontuminen C-rakennuksen (Valo) pääaulaan Sisältö: 1. Teleskooppipatukka * Rakenne ja mallit * Käyttöönotto, huolto ja ongelmat 2. Teleskooppipatukan käyttö * Kantaminen ja kotelotyypit * Ennakointi, varautuminen * Lyönnin kohdealueet ja kielletyt alueet * Käyttö ja käskytys * Lyöminen * Etäisyyden ottaminen * Torjunnat * Käytännön harjoittelu * Iskutyynyharjoitukset * Sovellettu iskusuojapukuharjoitus 3. Käytännön osaamisen…",,"Vartijan ja järjestyksenvalvojan voimankäyttökoulutus, Teleskooppipatukka (6 h);Turvallisuus;Ammatillinen täydennyskoulutus;korttikoulutukset;koulutus Kuopio",
5322,kuopio,https://savonkoulutus.fi/koulutukset/vartijan-ja-jarjestyksenvalvojan-voimankayttokoulutus-kaasusumutin-6-h-19-10-2026/,https://savonkoulutus.fi/wp-content/uploads/2024/12/sakky_oy-1400x883.jpg,Turvallisuus,"Vartijan ja järjestyksenvalvojan voimankäyttökoulutus, Kaasusumutin (6 h)",Alkaa 19.10.2026 · Kuopio,"Maanantai 19.10.2026 klo 8–14 Savilahden kampus, Hehkukatu 1, Kuopio Kokoontuminen C-rakennuksen (Valo) pääaulaan Sisältö: * Kaasusumuttimen sisältämät aineet * Kaasusumutin * Kaasusumuttimen käyttö * Käytännön osaamisen toteaminen ja koe",,"Vartijan ja järjestyksenvalvojan voimankäyttökoulutus, Kaasusumutin (6 h);Turvallisuus;Ammatillinen täydennyskoulutus;korttikoulutukset;koulutus Kuopio",
5603,verkko,https://savonkoulutus.fi/koulutukset/varmuutta-rokottamiseen-tule-vahvistamaan-rokotusosaamistasi/,https://savonkoulutus.fi/wp-content/uploads/2024/12/sakky_oy-1400x883.jpg,Sosiaali ja terveys,Varmuutta rokottamiseen - tule vahvistamaan rokotusosaamistasi,Alkaa 26.10.2026 · Verkko-opetus,"Koulutuksessa käydään läpi ajankohtaista tietoa rokottamisen käytännöistä, vastuista ja ohjeistuksista. Saat varmuutta aikuisten rokotustilanteisiin ja vahvistat näin ammatillista osaamistasi.Osallistujalla tulee olla työpaikka, jossa on rokotustoimintaa. Opintoihin sisältyy itsenäisesti etenevää verkko-opiskelua ja tehtäviä, työpaikalla tapahtuvaa oppimista ja rokotustoiminnan harjoittelua työssä. Saat henkilökohtaisen ohjauksen ja harjoittelusta sovitaan yksilöllisesti taustakoulutus ja…",,Varmuutta rokottamiseen - tule vahvistamaan rokotusosaamistasi;Sosiaali ja terveys;Ammatillinen täydennyskoulutus;korttikoulutukset,
5461,verkko,https://savonkoulutus.fi/koulutukset/valmentava-ote-tyoelamassa-taidot-ja-tyokalut/,https://savonkoulutus.fi/wp-content/uploads/2024/12/sakky_oy-1400x883.jpg,"Liiketalous, johtaminen ja yrittäjyys",Valmentava ote työelämässä – taidot ja työkalut,Alkaa 10.11.2026 · Etätoteutus,"Haluatko sujuvampaa yhteistyötä ja vaikuttavampaa vuorovaikutusta? Opi kuuntelemaan, kysymään ja antamaan palautetta niin, että työyhteisösi kehittyy ja kukoistaa. Saat käytännön työkalut haastaviin keskusteluihin, mentorointiin ja fasilitointiin. Koulutus toteutetaan Teamsin välityksellä 10.11.2026 klo 8.15-15.15 Saat käytännönläheiset työkalut ja taidot, joilla rakennat parempaa yhteistyötä ja sujuvampaa työarkea – riippumatta roolistasi työelämässä! Koulutuksesta jälkeen - Kehityt…",,Valmentava ote työelämässä – taidot ja työkalut;Liiketalous;johtaminen ja yrittäjyys;Ammatillinen täydennyskoulutus;korttikoulutukset,
5760,verkko,https://savonkoulutus.fi/koulutukset/validaatio-teoiksi-koulutus/,https://savonkoulutus.fi/wp-content/uploads/2025/03/validaatioteoiksi.jpg,Sosiaali ja terveys,Validaatio teoiksi-koulutus,Alkaa 21.1.2027 · Etätoteutus,"Koulutuksen tavoitteena on vahvistaa ja tukea muistiymmärrystä ja myönteisiä, ratkaisukeskeisiä työskentelymenetelmiä sekä työssäjaksamista. Ihmisen kohtaamiseen ja tunnetason vuorovaikutukseen liittyviä ajankohtaisia kysymyksiä ja aiheita käsitellään luentotyyppisillä alustuksilla ja harjoitusten avulla. Yhdessä mietitään mahdollisia ratkaisukeinoja. Koulutukseen kuuluu 6 iltapäivätapaamista (TEAMS), joiden sisältöä ohjaa Validaatio menetelmän perusteet 21.01.2027 klo 12.15-16.00 11.02.2027…",,Validaatio teoiksi-koulutus;Sosiaali ja terveys;Ammatillinen täydennyskoulutus;korttikoulutukset,
5499,varkaus,https://savonkoulutus.fi/koulutukset/tyoturvallisuuskortti-8-h-7-12-2026-varkaus/,https://savonkoulutus.fi/wp-content/uploads/2024/12/sakky_oy-1400x883.jpg,"Kone-, tuotanto- ja energiatekniikka","Työturvallisuuskortti (8 h), Varkaus",Alkaa 7.12.2026 · Varkaus,"7.12.2026 klo 8-16 Osmajoentie 75 C, C-rakennus, luokka C1014 Koulun alueelle pysäköintiä varten tarvitset pysäköintiluvan (opiskelijapaikat). Pysäköintiluvan voit hakea A-rakennuksen asiakaspalvelupisteestä. Työturvallisuuskorttikoulutus on valtakunnallinen menettelytapa, jonka tavoitteena on parantaa yhteisten työpaikkojen turvallisuutta. Koulutuksen sisältö: *työsuojelun tarkoitus ja käytännön toteutus, yhteinen työpaikka *tapaturmien ja ammattitautien torjunta *yleisohjeet…",,"Työturvallisuuskortti (8 h), Varkaus;Kone-;tuotanto- ja energiatekniikka;Ammatillinen täydennyskoulutus;korttikoulutukset;koulutus Varkaus","5498,5493"
5498,varkaus,https://savonkoulutus.fi/koulutukset/tyoturvallisuuskortti-8-h-5-10-2026-varkaus/,https://savonkoulutus.fi/wp-content/uploads/2024/12/sakky_oy-1400x883.jpg,"Kone-, tuotanto- ja energiatekniikka","Työturvallisuuskortti (8 h), Varkaus",Alkaa 5.10.2026 · Varkaus,"5.10.2026 klo 8-16 Osmajoentie 75 C, C-rakennus, luokka C1014 Koulun alueelle pysäköintiä varten tarvitset pysäköintiluvan (opiskelijapaikat). Pysäköintiluvan voit hakea A-rakennuksen asiakaspalvelupisteestä. Työturvallisuuskorttikoulutus on valtakunnallinen menettelytapa, jonka tavoitteena on parantaa yhteisten työpaikkojen turvallisuutta. Koulutuksen sisältö: *työsuojelun tarkoitus ja käytännön toteutus, yhteinen työpaikka *tapaturmien ja ammattitautien torjunta *yleisohjeet…",,"Työturvallisuuskortti (8 h), Varkaus;Kone-;tuotanto- ja energiatekniikka;Ammatillinen täydennyskoulutus;korttikoulutukset;koulutus Varkaus","5499,5493"
5496,kuopio,https://savonkoulutus.fi/koulutukset/tyoturvallisuuskortti-8-h-26-10-2026-kuopio/,https://savonkoulutus.fi/wp-content/uploads/2024/12/sakky_oy-1400x883.jpg,"Kone-, tuotanto- ja energiatekniikka","Työturvallisuuskortti (8 h), Kuopio",Alkaa 26.10.2026 · Kuopio,"26.10.2026 klo 8-16.15 Savilahden kampus, Hehkukatu 1, Kuopio Kokoontuminen C-rakennuksen pääaulaan. Saapuminen ja pysäköinti Työturvallisuuskorttikoulutus on valtakunnallinen menettelytapa, jonka tavoitteena on parantaa yhteisten työpaikkojen turvallisuutta. Koulutuksen sisältö: *työsuojelun tarkoitus ja käytännön toteutus, yhteinen työpaikka *tapaturmien ja ammattitautien torjunta *yleisohjeet, turvallisuussäännöt *keskeiset vaaratekijät *varautuminen onnettomuustilanteisiin…",,"Työturvallisuuskortti (8 h), Kuopio;Kone-;tuotanto- ja energiatekniikka;Ammatillinen täydennyskoulutus;korttikoulutukset;koulutus Kuopio","5491,5490"
5493,varkaus,https://savonkoulutus.fi/koulutukset/tyoturvallisuuskortti-8-h-2-11-2026-varkaus/,https://savonkoulutus.fi/wp-content/uploads/2024/12/sakky_oy-1400x883.jpg,"Kone-, tuotanto- ja energiatekniikka","Työturvallisuuskortti (8 h), Varkaus",Alkaa 2.11.2026 · Varkaus,"2.11.2026 klo 8-16 Osmajoentie 75 C, C-rakennus, luokka C1014 Koulun alueelle pysäköintiä varten tarvitset pysäköintiluvan (opiskelijapaikat). Pysäköintiluvan voit hakea A-rakennuksen asiakaspalvelupisteestä. Työturvallisuuskorttikoulutus on valtakunnallinen menettelytapa, jonka tavoitteena on parantaa yhteisten työpaikkojen turvallisuutta. Koulutuksen sisältö: *työsuojelun tarkoitus ja käytännön toteutus, yhteinen työpaikka *tapaturmien ja ammattitautien torjunta *yleisohjeet…",,"Työturvallisuuskortti (8 h), Varkaus;Kone-;tuotanto- ja energiatekniikka;Ammatillinen täydennyskoulutus;korttikoulutukset;koulutus Varkaus","5499,5498"
5491,kuopio,https://savonkoulutus.fi/koulutukset/tyoturvallisuuskortti-8-h-16-11-2026-kuopio/,https://savonkoulutus.fi/wp-content/uploads/2024/12/sakky_oy-1400x883.jpg,"Kone-, tuotanto- ja energiatekniikka","Työturvallisuuskortti (8 h), Kuopio",Alkaa 16.11.2026 · Kuopio,"16.11.2026 klo 8-16.15 Savilahden kampus, Hehkukatu 1, Kuopio Kokoontuminen C-rakennuksen pääaulaan. Saapuminen ja pysäköinti Työturvallisuuskorttikoulutus on valtakunnallinen menettelytapa, jonka tavoitteena on parantaa yhteisten työpaikkojen turvallisuutta. Koulutuksen sisältö: *työsuojelun tarkoitus ja käytännön toteutus, yhteinen työpaikka *tapaturmien ja ammattitautien torjunta *yleisohjeet, turvallisuussäännöt *keskeiset vaaratekijät *varautuminen onnettomuustilanteisiin…",,"Työturvallisuuskortti (8 h), Kuopio;Kone-;tuotanto- ja energiatekniikka;Ammatillinen täydennyskoulutus;korttikoulutukset;koulutus Kuopio","5496,5490"
5490,kuopio,https://savonkoulutus.fi/koulutukset/tyoturvallisuuskortti-8-h-14-12-2026-kuopio/,https://savonkoulutus.fi/wp-content/uploads/2024/12/sakky_oy-1400x883.jpg,"Kone-, tuotanto- ja energiatekniikka","Työturvallisuuskortti (8 h), Kuopio",Alkaa 14.12.2026 · Kuopio,"14.12.2026 klo 8-16.15 Savilahden kampus, Hehkukatu 1, Kuopio Kokoontuminen C-rakennuksen pääaulaan. Saapuminen ja pysäköinti Työturvallisuuskorttikoulutus on valtakunnallinen menettelytapa, jonka tavoitteena on parantaa yhteisten työpaikkojen turvallisuutta. Koulutuksen sisältö: *työsuojelun tarkoitus ja käytännön toteutus, yhteinen työpaikka *tapaturmien ja ammattitautien torjunta *yleisohjeet, turvallisuussäännöt *keskeiset vaaratekijät *varautuminen onnettomuustilanteisiin…",,"Työturvallisuuskortti (8 h), Kuopio;Kone-;tuotanto- ja energiatekniikka;Ammatillinen täydennyskoulutus;korttikoulutukset;koulutus Kuopio","5496,5491"
5459,verkko,https://savonkoulutus.fi/koulutukset/tunnevuorovaikutustaidot-ja-haastavat-ristiriitatilanteet/,https://savonkoulutus.fi/wp-content/uploads/2024/12/sakky_oy-1400x883.jpg,Sosiaali ja terveys,Tunnevuorovaikutustaidot ja haastavat ristiriitatilanteet,Alkaa 9.12.2026 · Etätoteutus,"Haastavat ristiriitatilanteet ja tunnevuorovaikutus on käytännönläheinen 4 tunnin etäkoulutus, joka antaa konkreettisia keinoja vaikeiden keskustelujen, tunteiden ja ristiriitojen rakentavaan käsittelyyn työarjessa. Koulutus toteutetaan Teamsin välityksellä 9.12.2026 klo 8.15-12.15 Koulutuksen sisältö: - Haastavien ristiriitatilanteiden ja tunnevuorovaikutuksen käsittely luentojen ja harjoitusten avulla - Ihmisten käyttäytyminen ja tunteet vaikeissa tilanteissa - Keinoja tunteiden käsittelyyn…",,Tunnevuorovaikutustaidot ja haastavat ristiriitatilanteet;Sosiaali ja terveys;Ammatillinen täydennyskoulutus;korttikoulutukset,
5489,varkaus,https://savonkoulutus.fi/koulutukset/tulityokortti-8-h-9-12-2026-varkaus/,https://savonkoulutus.fi/wp-content/uploads/2024/12/sakky_oy-1400x883.jpg,"Kone-, tuotanto- ja energiatekniikka","Tulityökortti (8 h), Varkaus",Alkaa 9.12.2026 · Varkaus,"9.12.2026 klo 8-16 Osmajoentie 75 C, C-rakennus, luokka C1014 Koulun alueelle pysäköintiä varten tarvitset pysäköintiluvan (opiskelijapaikat). Pysäköintiluvan voit hakea A-rakennuksen asiakaspalvelupisteestä. Sisältö: * Turvallisuus, yhteinen etumme * Tulityön suunnittelu * Lainsäädäntö * Turvatoimet * Onnettomuustilanteissa toimiminen * Tentti Koulutuksen hinta sisältää aamukahvin ja lounaan.",,"Tulityökortti (8 h), Varkaus;Kone-;tuotanto- ja energiatekniikka;Ammatillinen täydennyskoulutus;korttikoulutukset;koulutus Varkaus","5488,5487"
5488,varkaus,https://savonkoulutus.fi/koulutukset/tulityokortti-8-h-7-10-2026-varkaus/,https://savonkoulutus.fi/wp-content/uploads/2024/12/sakky_oy-1400x883.jpg,"Kone-, tuotanto- ja energiatekniikka","Tulityökortti (8 h), Varkaus",Alkaa 7.10.2026 · Varkaus,"7.10.2026 klo 8-16 Osmajoentie 75 C, C-rakennus, luokka C1014 Koulun alueelle pysäköintiä varten tarvitset pysäköintiluvan (opiskelijapaikat). Pysäköintiluvan voit hakea A-rakennuksen asiakaspalvelupisteestä. Sisältö: * Turvallisuus, yhteinen etumme * Tulityön suunnittelu * Lainsäädäntö * Turvatoimet * Onnettomuustilanteissa toimiminen * Tentti Koulutuksen hinta sisältää aamukahvin ja lounaan.",,"Tulityökortti (8 h), Varkaus;Kone-;tuotanto- ja energiatekniikka;Ammatillinen täydennyskoulutus;korttikoulutukset;koulutus Varkaus","5489,5487"
5487,varkaus,https://savonkoulutus.fi/koulutukset/tulityokortti-8-h-4-11-2026-varkaus/,https://savonkoulutus.fi/wp-content/uploads/2024/12/sakky_oy-1400x883.jpg,"Kone-, tuotanto- ja energiatekniikka","Tulityökortti (8 h), Varkaus",Alkaa 4.11.2026 · Varkaus,"4.11.2026 klo 8-16 Osmajoentie 75 C, C-rakennus, luokka C1014 Koulun alueelle pysäköintiä varten tarvitset pysäköintiluvan (opiskelijapaikat). Pysäköintiluvan voit hakea A-rakennuksen asiakaspalvelupisteestä. Sisältö: * Turvallisuus, yhteinen etumme * Tulityön suunnittelu * Lainsäädäntö * Turvatoimet * Onnettomuustilanteissa toimiminen * Tentti Koulutuksen hinta sisältää aamukahvin ja lounaan.",,"Tulityökortti (8 h), Varkaus;Kone-;tuotanto- ja energiatekniikka;Ammatillinen täydennyskoulutus;korttikoulutukset;koulutus Varkaus","5489,5488"
5445,kuopio,https://savonkoulutus.fi/koulutukset/tulityokortti-8-h-29-10-2026-kuopio/,https://savonkoulutus.fi/wp-content/uploads/2024/12/sakky_oy-1400x883.jpg,"Sähkö-, energia- ja automaatiotekniikka","Tulityökortti (8 h), Kuopio",Alkaa 29.10.2026 · Kuopio,"To 29.10.2026 klo 8.00-16.00 Hehkukatu 1, Kuopio Saapuminen ja pysäköinti Koulutuksen sisältö: * Turvallisuus, yhteinen etumme * Tulityön suunnittelu * Lainsäädäntö * Turvatoimet * Onnettomuustilanteissa toimiminen * Tentti Kurssin hyväksyttävästi suorittaneelle myönnetään tulityökortti, joka on voimassa 5 vuotta. Koulutuksen hinta sisältää aamukahvin ja lounaan.",,"Tulityökortti (8 h), Kuopio;Sähkö-;energia- ja automaatiotekniikka;Ammatillinen täydennyskoulutus;korttikoulutukset;koulutus Kuopio","5486,5482,5481"
5486,kuopio,https://savonkoulutus.fi/koulutukset/tulityokortti-8-h-28-10-2026-kuopio/,https://savonkoulutus.fi/wp-content/uploads/2024/12/sakky_oy-1400x883.jpg,"Kone-, tuotanto- ja energiatekniikka","Tulityökortti (8 h), Kuopio",Alkaa 28.10.2026 · Kuopio,"28.10.2026 klo 8-16.15 Savon ammattiopisto, Savilahden kampus, Hehkukatu 1, Kuopio Kokoontuminen C-rakennuksen pääaulaan Saapuminen ja pysäköinti Sisältö: * Turvallisuus, yhteinen etumme * Tulityön suunnittelu * Lainsäädäntö * Turvatoimet * Onnettomuustilanteissa toimiminen * Tentti Koulutuksen hinta sisältää aamukahvin ja lounaan.",,"Tulityökortti (8 h), Kuopio;Kone-;tuotanto- ja energiatekniikka;Ammatillinen täydennyskoulutus;korttikoulutukset;koulutus Kuopio","5445,5482,5481"
5482,kuopio,https://savonkoulutus.fi/koulutukset/tulityokortti-8-h-18-11-2026-kuopio/,https://savonkoulutus.fi/wp-content/uploads/2024/12/sakky_oy-1400x883.jpg,"Kone-, tuotanto- ja energiatekniikka","Tulityökortti (8 h), Kuopio",Alkaa 18.11.2026 · Kuopio,"18.11.2026 klo 8-16.15 Savon ammattiopisto, Savilahden kampus, Hehkukatu 1, Kuopio Kokoontuminen C-rakennuksen pääaulaan Saapuminen ja pysäköinti Sisältö: * Turvallisuus, yhteinen etumme * Tulityön suunnittelu * Lainsäädäntö * Turvatoimet * Onnettomuustilanteissa toimiminen * Tentti Koulutuksen hinta sisältää aamukahvin ja lounaan.",,"Tulityökortti (8 h), Kuopio;Kone-;tuotanto- ja energiatekniikka;Ammatillinen täydennyskoulutus;korttikoulutukset;koulutus Kuopio","5445,5486,5481"
5481,kuopio,https://savonkoulutus.fi/koulutukset/tulityokortti-8-h-16-12-2026-kuopio/,https://savonkoulutus.fi/wp-content/uploads/2024/12/sakky_oy-1400x883.jpg,"Kone-, tuotanto- ja energiatekniikka","Tulityökortti (8 h), Kuopio",Alkaa 16.12.2026 · Kuopio,"16.12.2026 klo 8-16.15 Savon ammattiopisto, Savilahden kampus, Hehkukatu 1, Kuopio Kokoontuminen C-rakennuksen pääaulaan Saapuminen ja pysäköinti Sisältö: * Turvallisuus, yhteinen etumme * Tulityön suunnittelu * Lainsäädäntö * Turvatoimet * Onnettomuustilanteissa toimiminen * Tentti Koulutuksen hinta sisältää aamukahvin ja lounaan.",,"Tulityökortti (8 h), Kuopio;Kone-;tuotanto- ja energiatekniikka;Ammatillinen täydennyskoulutus;korttikoulutukset;koulutus Kuopio","5445,5486,5482"
5308,kuopio,https://savonkoulutus.fi/koulutukset/trukkikoulutus-aloittelijoille-2-pv-26-10-2026-27-10-2026/,https://savonkoulutus.fi/wp-content/uploads/2025/04/trukkikoulutus2.jpg,"Ajoneuvo, logistiikka",Trukkikoulutus aloittelijoille (2 pv),Alkaa 26.10.2026 · Kuopio,"Aloitus ma 26.10.2026 klo 8:15 Savon ammattiopisto, Kolmisopentie 7, 70780 Kuopio Rakennus 1 (lounasravintolan rakennus), 2 krs, luokka 204. Kokoontuminen 2 krs. yläaulassa. Kurssi järjestetään kaksipäiväisenä. Kurssin sisältö: 1. päivä - Teoriaopetus: - Trukinkuljettajan vastuut ja velvollisuudet (lainsäädäntö) - Trukkityypit - Ajoonlähtötarkastus - Mitat ja painopisteet - Konekilvet ja nostokyky - Henkilönostot - Kuormankäsittely/lastaaminen - Hylly- ja paloturvallisuus - Tyypilliset…","Kolmisopentie 7, 70780 Kuopio",Trukkikoulutus aloittelijoille (2 pv);Ajoneuvo;logistiikka;Ammatillinen täydennyskoulutus;korttikoulutukset;koulutus Kuopio,
5306,kuopio,https://savonkoulutus.fi/koulutukset/trukkikoulutus-ajokokemusta-omaaville-1-pv-28-10-2026/,https://savonkoulutus.fi/wp-content/uploads/2025/04/trukkikoulutus1.jpg,"Ajoneuvo, logistiikka",Trukkikoulutus ajokokemusta omaaville (1 pv),Alkaa 28.10.2026 · Kuopio,"Aloitus ke 28.10.2026 klo 8:15 Savon ammattiopisto, Kolmisopentie 7, 70780 Kuopio Rakennus 1 (lounasravintolan rakennus), 2 krs, luokka 204. Kokoontuminen 2 krs. yläaulassa. Kurssi järjestetään yksipäiväisenä. Kurssin sisältö: Teoriaopetus: - Trukinkuljettajan vastuut ja velvollisuudet (lainsäädäntö) - Trukkityypit - Ajoonlähtötarkastus - Mitat ja painopisteet - Konekilvet ja nostokyky - Henkilönostot - Kuormankäsittely/lastaaminen - Hylly- ja paloturvallisuus - Tyypilliset trukkivahingot ja…","Kolmisopentie 7, 70780 Kuopio",Trukkikoulutus ajokokemusta omaaville (1 pv);Ajoneuvo;logistiikka;Ammatillinen täydennyskoulutus;korttikoulutukset;koulutus Kuopio,
5444,kuopio,https://savonkoulutus.fi/koulutukset/sahkotyoturvallisuuskoulutus-sfs-6002-8-h-19-10-2026/,https://savonkoulutus.fi/wp-content/uploads/2024/12/sakky_oy-1400x883.jpg,"Sähkö-, energia- ja automaatiotekniikka",Sähkötyöturvallisuuskoulutus SFS 6002 (8 h),Alkaa 19.10.2026 · Kuopio,"Ma 19.10.2026 klo 8.00-16.00 Hehkukatu 1, Kuopio Saapuminen ja pysäköinti Koulutuksen jälkeen osallistuja tuntee suomalaisen sähkötyöturvallisuusjärjestelmän ja tietää sähkön vaarallisuuden keskeiset tekijät. Koulutuksessa käsitellään sähkötyöturvallisuuden tärkeimmät määritelmät, käsitteet, toimenpiteet ja vaarat standardiin SFS 6002 perustuen. Kokeen hyväksytysti suorittaneille annetaan sähkötyöturvallisuuskortti, joka on voimassa viisi (5) vuotta. Koulutuksen hinta sisältää kahvit ja lounaan.",,Sähkötyöturvallisuuskoulutus SFS 6002 (8 h);Sähkö-;energia- ja automaatiotekniikka;Ammatillinen täydennyskoulutus;korttikoulutukset;koulutus Kuopio,
5457,verkko,https://savonkoulutus.fi/koulutukset/strategiatyo-hallussa-suunnittele-kehita-ja-toteuta/,https://savonkoulutus.fi/wp-content/uploads/2024/12/sakky_oy-1400x883.jpg,"Liiketalous, johtaminen ja yrittäjyys","Strategiatyö hallussa – suunnittele, kehitä ja toteuta",Alkaa 25.11.2026 · Etätoteutus,"Tässä koulutuksessa opit strategiatyön keskeiset vaiheet: analyysista suunnitteluun, muotoilusta käytännön toteutukseen. Koulutus toteutetaan Teamsin välityksellä 25.11. ja 16.12.2026 klo 8.15-12.15 Hyödyt osallistujalle: Saat selkeän ymmärryksen strategiatyön koko prosessista, alkaen analyysista aina toteutukseen asti Opit luomaan ja muotoilemaan toimivia strategioita käytännönläheisesti Kehität omia taitojasi strategian suunnittelussa ja toteutuksessa Pystyt parantamaan päätöksentekokykyäsi…",,"Strategiatyö hallussa – suunnittele, kehitä ja toteuta;Liiketalous;johtaminen ja yrittäjyys;Ammatillinen täydennyskoulutus;korttikoulutukset",
5458,verkko,https://savonkoulutus.fi/koulutukset/strateginen-ajattelu-ja-toimintaympariston-ennakointi/,https://savonkoulutus.fi/wp-content/uploads/2024/12/sakky_oy-1400x883.jpg,"Liiketalous, johtaminen ja yrittäjyys",Strateginen ajattelu ja toimintaympäristön ennakointi,Alkaa 6.10.2026 · Etätoteutus,"Koulutus toteutetaan Teamsin välityksellä 6.10. ja 3.11.2026 klo 8.15-15.15 Koulutus kehittää osallistujan kykyä ajatella strategisesti ja tehdä ennakoivia päätöksiä muuttuvassa toimintaympäristössä. Osallistuja oppii analysoimaan ja ennakoimaan organisaationsa toimintaympäristöä, mikä parantaa hänen kykyään sopeutua muutoksiin ja löytää uusia mahdollisuuksia. Koulutus tukee oman tehtävän näkökulmasta strategian mukaista toimintaa ja auttaa ottamaan vastuuta organisaation pitkäaikaisista…",,Strateginen ajattelu ja toimintaympäristön ennakointi;Liiketalous;johtaminen ja yrittäjyys;Ammatillinen täydennyskoulutus;korttikoulutukset,
5580,varkaus,https://savonkoulutus.fi/koulutukset/spr-hataensiapukurssi-8-t-yhdistelmakoulutus-varkaus-27-10-2026/,https://savonkoulutus.fi/wp-content/uploads/2025/03/Pelastusharjoitukset-pelastajat-niskatuki-2023_4.jpg,Sosiaali ja terveys,"SPR Hätäensiapukurssi 8 t® yhdistelmäkoulutus, Varkaus",Alkaa 27.10.2026 · Varkaus,"Yhdistelmäkoulutus on tehokas ja joustava tapa suorittaa ensiapukurssi. Koulutus koostuu kahdesta osasta; verkko-osuudesta (4x45min) ja lähiosuudesta (4x45min) Ilmoittautumisen jälkeen saat viikon sisällä sähköpostiisi ohjeet ja koodin, jolla pääset suorittamaan verkkokoulutusta. Verkko-osuudessa käydään läpi ensiavun aiheiden teoriaa itsenäisesti opiskellen erilaisten animaatioiden, videoiden ja välitehtävien avulla. Verkko-osuuden voi suorittaa omaan tahtiin, pitää välillä tauon, ja jatkaa…",,"SPR Hätäensiapukurssi 8 t® yhdistelmäkoulutus, Varkaus;Sosiaali ja terveys;Ammatillinen täydennyskoulutus;korttikoulutukset;koulutus Varkaus",
5456,kuopio,https://savonkoulutus.fi/koulutukset/spr-hataensiapukurssi-8-t-yhdistelmakoulutus-kuopio-8-12-2026/,https://savonkoulutus.fi/wp-content/uploads/2025/03/Pelastusharjoitukset-pelastajat-niskatuki-2023_4.jpg,Sosiaali ja terveys,"SPR Hätäensiapukurssi 8 t® yhdistelmäkoulutus, Kuopio",Alkaa 8.12.2026 · Kuopio,"Yhdistelmäkoulutus on tehokas ja joustava tapa suorittaa ensiapukurssi. Koulutus koostuu kahdesta osasta; verkko-osuudesta (4x45min) ja lähiosuudesta (4x45min). Ilmoittautumisen jälkeen saat viikon sisällä sähköpostiisi ohjeet ja koodin, jolla pääset suorittamaan verkkokoulutusta. Verkko-osuudessa käydään läpi ensiavun aiheiden teoriaa itsenäisesti opiskellen erilaisten animaatioiden, videoiden ja välitehtävien avulla. Verkko-osuuden voi suorittaa omaan tahtiin, pitää välillä tauon, ja jatkaa…",,"SPR Hätäensiapukurssi 8 t® yhdistelmäkoulutus, Kuopio;Sosiaali ja terveys;Ammatillinen täydennyskoulutus;korttikoulutukset;koulutus Kuopio",5453
5302,verkko,https://savonkoulutus.fi/koulutukset/spr-hataensiapukurssi-8-t-verkkokoulutus/,https://savonkoulutus.fi/wp-content/uploads/2025/03/Pelastusharjoitukset-pelastajat-niskatuki-2023_4.jpg,Sosiaali ja terveys,SPR Hätäensiapukurssi 8 t® verkkokoulutus,Alkaa 1.8.2026 · Verkko-opetus,"SPR Hätäensiapukurssi 8 t® verkkokoulutus on joustava tapa suorittaa laajempi ensiapukurssi. Ilmoittautumisen jälkeen saat viikon kuluessa sähköpostiisi ohjeet ja koodin, jolla pääset suorittamaan verkkokoulutusta. Verkkokoulutus sisältää monipuolisen teoriaosuuden hätäensiavusta ja runsaasti pohdintatehtäviä ja omatoimisia harjoitteita. Kurssin sisältö • toiminta auttamistilanteessa • tajuttoman henkilön tunnistaminen ja ensiapu • painelu-puhalluselvytys sekä neuvovan defibrillaattorin käyttö…",,SPR Hätäensiapukurssi 8 t® verkkokoulutus;Sosiaali ja terveys;Ammatillinen täydennyskoulutus;korttikoulutukset,
5453,kuopio,https://savonkoulutus.fi/koulutukset/spr-hataensiapukurssi-8-t-yhdistelmakoulutus-kuopio-12-11-2026/,https://savonkoulutus.fi/wp-content/uploads/2025/03/Pelastusharjoitukset-pelastajat-niskatuki-2023_4.jpg,Sosiaali ja terveys,"SPR Hätäensiapukurssi 8 t® yhdistelmäkoulutus, Kuopio",Alkaa 12.11.2026 · Kuopio,"Yhdistelmäkoulutus on tehokas ja joustava tapa suorittaa ensiapukurssi. Koulutus koostuu kahdesta osasta; verkko-osuudesta (4x45min) ja lähiosuudesta (4x45min). Ilmoittautumisen jälkeen saat viikon sisällä sähköpostiisi ohjeet ja koodin, jolla pääset suorittamaan verkkokoulutusta. Verkko-osuudessa käydään läpi ensiavun aiheiden teoriaa itsenäisesti opiskellen erilaisten animaatioiden, videoiden ja välitehtävien avulla. Verkko-osuuden voi suorittaa omaan tahtiin, pitää välillä tauon, ja jatkaa…",,"SPR Hätäensiapukurssi 8 t® yhdistelmäkoulutus, Kuopio;Sosiaali ja terveys;Ammatillinen täydennyskoulutus;korttikoulutukset;koulutus Kuopio",5456
5300,verkko,https://savonkoulutus.fi/koulutukset/spr-hataensiapukurssi-4-t-verkkokoulutus-sahkoalalle/,https://savonkoulutus.fi/wp-content/uploads/2026/09/Yhdistelmakoulutusten-markkinointikuva3.jpg,Sosiaali ja terveys,SPR Hätäensiapukurssi 4 t® verkkokoulutus sähköalalle,Alkaa 1.8.2026 · Verkko-opetus,"SPR Hätäensiapukurssi 4 t® verkkokoulutus sähköalalle on sertifioitu koulutus. Suorittamisesta saa SPR ensiaputodistuksen. SPR Hätäensiapukurssi 4 t® verkkokoulutuksen tavoitteena on lisätä auttamisrohkeutta henkeä uhkaavissa tilanteissa. Kurssi sisältää sähkötyöturvallisuusstandardin SFS 6002:2025 mukaiset hätäensiavun aiheet. Kurssi toimii ensiavun kertauskurssina, jolla voi jatkaa yhden kerran SPR Ensiapukurssi EA 1® tai SPR Ensiapukurssi EA 2® todistuksen voimassaoloaikaa kolmeksi vuodeksi…",,SPR Hätäensiapukurssi 4 t® verkkokoulutus sähköalalle;Sosiaali ja terveys;Ammatillinen täydennyskoulutus;korttikoulutukset,
5299,verkko,https://savonkoulutus.fi/koulutukset/spr-hataensiapukurssi-4-t-verkkokoulutus-lasten-kanssa-toimiville/,https://savonkoulutus.fi/wp-content/uploads/2026/09/Yhdistelmakoulutusten-markkinointikuva3.jpg,Sosiaali ja terveys,SPR Hätäensiapukurssi 4 t® verkkokoulutus lasten kanssa toimiville,Alkaa 1.8.2026 · Verkko-opetus,"SPR Hätäensiapukurssi 4 t® verkkokoulutus lasten kanssa toimiville on sertifioitu koulutus. Suorittamisesta saa SPR ensiaputodistuksen. SPR Hätäensiapukurssi 4 t® verkkokoulutuksen tavoitteena on lisätä auttamisrohkeutta henkeä uhkaavissa tilanteissa. Kurssi sisältää sähkötyöturvallisuusstandardin SFS 6002:2025 mukaiset hätäensiavun aiheet. Kurssi toimii ensiavun kertauskurssina, jolla voi jatkaa yhden kerran SPR Ensiapukurssi EA 1® tai SPR Ensiapukurssi EA 2® todistuksen voimassaoloaikaa…",,SPR Hätäensiapukurssi 4 t® verkkokoulutus lasten kanssa toimiville;Sosiaali ja terveys;Ammatillinen täydennyskoulutus;korttikoulutukset,
5298,verkko,https://savonkoulutus.fi/koulutukset/spr-hataensiapukurssi-4-t-verkkokoulutus/,https://savonkoulutus.fi/wp-content/uploads/2026/09/Yhdistelmakoulutusten-markkinointikuva3.jpg,Sosiaali ja terveys,SPR Hätäensiapukurssi 4 t® verkkokoulutus,Alkaa 1.8.2026 · Verkko-opetus,"SPR Hätäensiapukurssi 4 t® verkkokoulutus on joustava ja helppo tapa suorittaa hätäensiapupätevyys. Ilmoittautumisen jälkeen saat viikon kuluessa sähköpostiisi ohjeet ja koodin, jolla pääset suorittamaan verkkokoulutusta.Verkkokoulutus sisältää paitsi runsaan tietopaketin hätäensiavun aiheista, myös pohdintatehtäviä ja omatoimisia harjoitteita. Kurssin suorittanut osaa aloittaa hätäensiavun antamisen sisällön mukaisissa aiheissa. Sisältöuudistuksen myötä koulutus sisältää myös sähköalan…",,SPR Hätäensiapukurssi 4 t® verkkokoulutus;Sosiaali ja terveys;Ammatillinen täydennyskoulutus;korttikoulutukset,
5579,varkaus,https://savonkoulutus.fi/koulutukset/spr-ensiapukurssi-ea-1-16-t-yhdistelmakoulutus-varkaus-27-10-2026/,https://savonkoulutus.fi/wp-content/uploads/2025/03/Pelastusharjoitukset-pelastajat-niskatuki-2023_4.jpg,Sosiaali ja terveys,"SPR Ensiapukurssi EA 1® (16 t) yhdistelmäkoulutus, Varkaus",Alkaa 27.10.2026 · Varkaus,"Yhdistelmäkoulutus on tehokas ja joustava tapa suorittaa ensiapukurssi. Koulutus koostuu kahdesta osasta; verkko-osuudesta (8x45min) ja lähiosuudesta (8x45min). Ilmoittautumisen jälkeen saat sähköpostiisi ohjeet ja koodin, jolla pääset suorittamaan verkkokoulutusta. Verkko-osuudessa käydään läpi ensiavun aiheiden teoriaa itsenäisesti opiskellen erilaisten animaatioiden, videoiden ja välitehtävien avulla. Verkko-osuuden voi suorittaa omaan tahtiin, pitää välillä tauon, ja jatkaa samasta kohtaa…",,"SPR Ensiapukurssi EA 1® (16 t) yhdistelmäkoulutus, Varkaus;Sosiaali ja terveys;Ammatillinen täydennyskoulutus;korttikoulutukset;koulutus Varkaus",
5449,kuopio,https://savonkoulutus.fi/koulutukset/spr-ensiapukurssi-ea-1-16-t-yhdistelmakoulutus-kuopio-12-11-2026/,https://savonkoulutus.fi/wp-content/uploads/2025/03/Pelastusharjoitukset-pelastajat-niskatuki-2023_4.jpg,Sosiaali ja terveys,"SPR Ensiapukurssi EA 1® (16 t) yhdistelmäkoulutus, Kuopio",Alkaa 12.11.2026 · Kuopio,"Yhdistelmäkoulutus on tehokas ja joustava tapa suorittaa ensiapukurssi. Koulutus koostuu kahdesta osasta; verkko-osuudesta (8x45min) ja lähiosuudesta (8x45min). Ilmoittautumisen jälkeen saat viikon sisällä sähköpostiisi ohjeet ja koodin, jolla pääset suorittamaan verkkokoulutusta. Verkko-osuudessa käydään läpi ensiavun aiheiden teoriaa itsenäisesti opiskellen erilaisten animaatioiden, videoiden ja välitehtävien avulla. Verkko-osuuden voi suorittaa omaan tahtiin, pitää välillä tauon, ja jatkaa…",,"SPR Ensiapukurssi EA 1® (16 t) yhdistelmäkoulutus, Kuopio;Sosiaali ja terveys;Ammatillinen täydennyskoulutus;korttikoulutukset;koulutus Kuopio",5452
5452,kuopio,https://savonkoulutus.fi/koulutukset/spr-ensiapukurssi-ea-1-16-t-yhdistelmakoulutus-kuopio-8-12-2026/,https://savonkoulutus.fi/wp-content/uploads/2025/03/Pelastusharjoitukset-pelastajat-niskatuki-2023_4.jpg,Sosiaali ja terveys,"SPR Ensiapukurssi EA 1® (16 t) yhdistelmäkoulutus, Kuopio",Alkaa 8.12.2026 · Kuopio,"Yhdistelmäkoulutus on tehokas ja joustava tapa suorittaa ensiapukurssi. Koulutus koostuu kahdesta osasta; verkko-osuudesta (8x45min) ja lähiosuudesta (8x45min). Ilmoittautumisen jälkeen saat viikon sisällä sähköpostiisi ohjeet ja koodin, jolla pääset suorittamaan verkkokoulutusta. Verkko-osuudessa käydään läpi ensiavun aiheiden teoriaa itsenäisesti opiskellen erilaisten animaatioiden, videoiden ja välitehtävien avulla. Verkko-osuuden voi suorittaa omaan tahtiin, pitää välillä tauon, ja jatkaa…",,"SPR Ensiapukurssi EA 1® (16 t) yhdistelmäkoulutus, Kuopio;Sosiaali ja terveys;Ammatillinen täydennyskoulutus;korttikoulutukset;koulutus Kuopio",5449
5296,varkaus,https://savonkoulutus.fi/koulutukset/silmamaaraisen-tarkastuksen-koulutus-vt2-16-h/,https://savonkoulutus.fi/wp-content/uploads/2024/12/sakky_oy-1400x883.jpg,"Kone-, tuotanto- ja energiatekniikka",Silmämääräisen tarkastuksen koulutus VT2 (16 h),Alkaa 19.11.2026 · Varkaus,"Osmajoentie 75, Varkaus 19.11.2026 klo 8-16 20.11.2026 klo 8-16 Koulutuksen hinta 950 € + alv25,5% VT2 on jatkokoulutus VT1-koulutukselle SFS-EN ISO 9712 standardin mukaisesti. VT2-koulutuksen jälkeen osaat -raportoida ja luokitella hitsausliitokset silmämääräisesti standardien SFS-EN ISO 5817 ja SFS-EN ISO 10042 hitsiluokkien mukaisesti, -mittauksen ja raportoinnin raporttirajojen mukaan -tarkastella hitsausliitoksia -tarkastaa ja luokitella valuja Huom. VT2-kurssi ei sisällä pätevöintiä…",,Silmämääräisen tarkastuksen koulutus VT2 (16 h);Kone-;tuotanto- ja energiatekniikka;Ammatillinen täydennyskoulutus;korttikoulutukset;koulutus Varkaus,
5291,verkko,https://savonkoulutus.fi/koulutukset/puhdastilakoulutus-verkko-opintoina-113v-26/,https://savonkoulutus.fi/wp-content/uploads/2024/12/sakky_oy-1400x883.jpg,Lääkeala,Puhdastilakoulutus verkko-opintoina 113V/26,Alkaa 7.10.2026 · Verkko-opetus,"Koulutus toteutetaan pelkästään Moodle-verkkoympäristössä. Koulutus koostuu erilaisista tehtävistä. Materiaali on osin englannin kielistä. Tähän koulutukseen ei sisälly pukeutumisvalidointia. Tavoitteena on, että tämän kokonaisuuden opiskeltuaan oppija: - tunnistaa puhdastilaluokitukset ja osaa kertoa puhdastilatekniikan pääperiaatteet - osaa soveltaa aseptiikan perustietoja puhdastilatyöskentelyssä - tunnistaa kontaminaation lähteet ja osaa päätellä niiden aiheuttaman tilanteen vaatiman…",,Puhdastilakoulutus verkko-opintoina 113V/26;Lääkeala;Ammatillinen täydennyskoulutus;korttikoulutukset,
5769,toivala-siilinjarvi,https://savonkoulutus.fi/koulutukset/markatilojen-vedeneristaja-markatilakoulutus-22-10-2026/,https://savonkoulutus.fi/wp-content/uploads/2024/12/sakky_oy-1400x883.jpg,Rakentaminen ja talotekniikka,"Märkätilojen vedeneristäjä, märkätilakoulutus",Alkaa 27.10.2026 · Toivala (Siilinjärvi),"Sertifioitu märkätilojen vedeneristäjä on osoittanut ammattitaitonsa ja osaamisensa suorittamalla sertifikaattikoulutuksen, kirjallisen kokeen sekä näyttötyön, minkä lisäksi hänen pätevyytensä perustuu vaadittuun työkokemukseen (vähintään 18 kk työkokemusta rakennusalalta). 1. Koulutuspäivä 27.10.2026, klo 8-16 Haapamäentie 1, Toivala • Lait, asetukset ja ohjeet • Rakennusfysiikka, lämpö- ja kosteustekniset perusteet • Vedeneristysalustan rakennusmateriaalit • Vedeneriste- ja…",,"Märkätilojen vedeneristäjä, märkätilakoulutus;Rakentaminen ja talotekniikka;Ammatillinen täydennyskoulutus;korttikoulutukset;koulutus Toivala (Siilinjärvi)",5768
5768,toivala-siilinjarvi,https://savonkoulutus.fi/koulutukset/markatilojen-vedeneristaja-markatilakoulutus-10-12-2026/,https://savonkoulutus.fi/wp-content/uploads/2024/12/sakky_oy-1400x883.jpg,Rakentaminen ja talotekniikka,"Märkätilojen vedeneristäjä, märkätilakoulutus",Alkaa 10.12.2026 · Toivala (Siilinjärvi),"Sertifioitu märkätilojen vedeneristäjä on osoittanut ammattitaitonsa ja osaamisensa suorittamalla sertifikaattikoulutuksen, kirjallisen kokeen sekä näyttötyön, minkä lisäksi hänen pätevyytensä perustuu vaadittuun työkokemukseen (vähintään 18 kk työkokemusta rakennusalalta). 1. Koulutuspäivä 10.12.2026, klo 8-16 Haapamäentie 1, Toivala • Lait, asetukset ja ohjeet • Rakennusfysiikka, lämpö- ja kosteustekniset perusteet • Vedeneristysalustan rakennusmateriaalit • Vedeneriste- ja…",,"Märkätilojen vedeneristäjä, märkätilakoulutus;Rakentaminen ja talotekniikka;Ammatillinen täydennyskoulutus;korttikoulutukset;koulutus Toivala (Siilinjärvi)",5769
5727,kuopio,https://savonkoulutus.fi/koulutukset/spr-ensiapukurssi-ea-1-16-t-lahikoulutus-trafi-kuopio-16-17-11-2026/,https://savonkoulutus.fi/wp-content/uploads/2025/03/Pelastusharjoitukset-pelastajat-niskatuki-2023_4.jpg,"Ajoneuvo, logistiikka","SPR Ensiapukurssi EA 1® (16 t) lähikoulutus, Trafi, Kuopio 16.",Alkaa 16.11.2026 · Kuopio,"Lähikoulutus 16.- 17.11.2026 klo 8:00 - 16.00 Koulutuspaikka: Savilahti kampus, Hehkukatu 1, 70210 Kuopio Kokoontuminen C-rakennuksen pääaulaan Saapuminen ja pysäköinti Kurssin sisältö • toiminta auttamistilanteessa • tajuttoman henkilön tunnistaminen ja ensiapu • painelu-puhalluselvytys sekä neuvovan sydäniskurin (defibrillaattori) käyttö • tukehtumassa olevan henkilön ensiapu • raajassa olevan suuren verenvuodon tyrehdyttäminen • sokki • tavallisimpien sairauskohtausten ensiapu (rintakipu…","Hehkukatu 1, 70210 Kuopio","SPR Ensiapukurssi EA 1® (16 t) lähikoulutus, Trafi, Kuopio 16.;Ajoneuvo;logistiikka;Ammatillinen täydennyskoulutus;korttikoulutukset;koulutus Kuopio",
5812,toivala-siilinjarvi,https://savonkoulutus.fi/koulutukset/muoviputkistojen-sahko-puskuhitsaus-patevyyksien-uusiminen-1pv-4-12-2026/,https://savonkoulutus.fi/wp-content/uploads/2024/12/sakky_oy-1400x883.jpg,Rakentaminen ja talotekniikka,Muoviputkistojen sähkö-/puskuhitsaus pätevyyksien uusiminen (1pv),Alkaa 4.12.2026 · Toivala (Siilinjärvi),"4.12.2026 (1pv) klo 8-16 Haapamäentie 1, Toivala Koulutuksessa kerrataan perusasiat ja muuttuneet ohjeet ja määräykset. Pätevyyden uusiminen edellyttää kirjallisen kokeen ja näyttöhitsausten hyväksyttyä suorittamista riippumattoman pätevöintivalvojan valvonnassa. Osallistujia vähintään 5, enintään 10.",,Muoviputkistojen sähkö-/puskuhitsaus pätevyyksien uusiminen (1pv);Rakentaminen ja talotekniikka;Ammatillinen täydennyskoulutus;korttikoulutukset;koulutus Toivala (Siilinjärvi),
5289,verkko,https://savonkoulutus.fi/koulutukset/mini-nepsy-koulutus/,https://savonkoulutus.fi/wp-content/uploads/2024/12/sakky_oy-1400x883.jpg,Sosiaali ja terveys,Mini-Nepsy-koulutus,Alkaa 5.11.2026 · Etätoteutus,"Tässä kaksipäiväisessä koulutuksessa perehdytään neuropsykiatrisiin oireyhtymiin (AD/HD, autismikirjon häiriö, Tourette) ja niiden vaikutuksiin arjessa. Saat tietoa ja käytännön keinoja arjen työskentelyyn lasten, nuorten ja aikuisten kanssa. Tutustumme myös ratkaisukeskeisiin ja positiivisen psykologian näkökulmiin sekä menetelmiin. Koulutuksen toteutus 5.11.2026 klo 9.15-16.00 (Etäyhteydellä) 3.12.2026 klo 9.15-16.00 (Etäyhteydellä) Kouluttaja Leena Parkkonen, KM, tutorvalmentaja-EAT…",,Mini-Nepsy-koulutus;Sosiaali ja terveys;Ammatillinen täydennyskoulutus;korttikoulutukset,
5288,kuopio,https://savonkoulutus.fi/koulutukset/laakehoidon-toteuttaminen-varhaiskasvatuksessa-ryhmaohjaus-ja-simuloitu-nayttotilaisuus-27-10-2026/,https://savonkoulutus.fi/wp-content/uploads/2024/12/sakky_oy-1400x883.jpg,Sosiaali ja terveys,Lääkehoidon toteuttaminen varhaiskasvatuksessa: Ryhmäohjaus ja simuloitu näyttötilaisuus,Alkaa 27.10.2026 · Kuopio,"Ennen ryhmäohjaukseen ja simuloituun näyttöön osallistumista: - Perehdy oman yksikkösi lääkehoidon toteuttamiseen ja sitä ohjaaviin asiakirjoihin esihenkilösi ohjauksessa. - Suorita vaadittava täydennyskoulutus ja varmista oma teoriaosaaminen (LOVe / MiniLAS). Valmistaudu esittämään todistus suorittamastasi kokonaisuudesta näyttötilaisuuden aluksi. Ryhmäohjaus ja simuloitu näyttötilaisuus Ti 27.10.2026 klo 17-19 Hehkukatu 1, Kuopio kouluttaja Eeva Haavisto Sisältö: - lääkkeen anto luonnollista…",,Lääkehoidon toteuttaminen varhaiskasvatuksessa: Ryhmäohjaus ja simuloitu näyttötilaisuus;Sosiaali ja terveys;Ammatillinen täydennyskoulutus;korttikoulutukset;koulutus Kuopio,
5715,kuopio,https://savonkoulutus.fi/koulutukset/laakehoidon-perusteet-kuopio/,https://savonkoulutus.fi/wp-content/uploads/2024/12/sakky_oy-1400x883.jpg,Sosiaali ja terveys,"Lääkehoidon perusteet, Kuopio",Alkaa 1.4.2027 · Kuopio,Koulutuksen laajuus ja sisältö vastaavat hyvinvointialueen lääkehoitosuunnitelmassa määriteltyjä vaatimuksia. Sisällöltään koulutus on sosiaali- ja terveysalan perustutkinnon (lähihoitaja) lääkehoito-opintojen tasoinen. Koulutuksen sisältö: • lääkehuoltoa koskevat säädökset • lääkehoidon tietokannat • lääkitysturvallisuuteen liittyvät asiat • lääkemuodot ja niiden turvallinen käsittely ja annostelu • lääkkeiden vaiheet ja vaikutukset elimistössä • lääkehoitoon vaikuttavat tekijät (mm. ikä…,,"Lääkehoidon perusteet, Kuopio;Sosiaali ja terveys;Ammatillinen täydennyskoulutus;korttikoulutukset;koulutus Kuopio",
5448,verkko,https://savonkoulutus.fi/koulutukset/lean-six-sigma-kaytannossa-vahemman-hukkaa-enemman-laatua/,https://savonkoulutus.fi/wp-content/uploads/2025/04/lean.jpg,"Liiketalous, johtaminen ja yrittäjyys","Lean Six Sigma käytännössä – Vähemmän hukkaa, enemmän laatua",Alkaa 21.10.2026 · Etätoteutus,"Opi analysoimaan, kehittämään ja vakiinnuttamaan parempia toimintatapoja! Haluatko tehostaa prosesseja, vähentää virheitä ja tehdä päätöksiä datan pohjalta? Tässä koulutuksessa opit Lean Six Sigman keskeiset periaatteet ja työkalut. Koulutus toteutetaan Teamsin välityksellä 21.10.2026 klo 8.15-15.15 Koulutuksessa - Opit tunnistamaan hukkaa ja varianssia sekä vähentämään niitä Lean Six Sigma -menetelmillä. - Saat käytännön työkaluja, joilla voit tehostaa prosesseja ja parantaa laatua työssäsi…",,"Lean Six Sigma käytännössä – Vähemmän hukkaa, enemmän laatua;Liiketalous;johtaminen ja yrittäjyys;Ammatillinen täydennyskoulutus;korttikoulutukset",
5810,toivala-siilinjarvi,https://savonkoulutus.fi/koulutukset/lanka-ja-ekstruuderihitsaus-patevyyksien-uusiminen-1pv-4-12-2026/,https://savonkoulutus.fi/wp-content/uploads/2024/12/sakky_oy-1400x883.jpg,Rakentaminen ja talotekniikka,Lanka - ja ekstruuderihitsaus pätevyyksien uusiminen (1pv),Alkaa 4.12.2026 · Toivala (Siilinjärvi),"4.12.2026 (1pv) klo 8-16 Haapamäentie 1, Toivala Pätevyyden uusiminen edellyttää kirjallisen kokeen ja näyttöhitsausten hyväksyttyä suorittamista riippumattoman pätevöintivalvojan valvonnassa. Osallistujia vähintään 5, enintään 10.",,Lanka - ja ekstruuderihitsaus pätevyyksien uusiminen (1pv);Rakentaminen ja talotekniikka;Ammatillinen täydennyskoulutus;korttikoulutukset;koulutus Toivala (Siilinjärvi),
5530,iisalmi,https://savonkoulutus.fi/koulutukset/kuvakommunikaation-ja-selkokielen-perusteet-iisalmi/,https://savonkoulutus.fi/wp-content/uploads/2024/12/sakky_oy-1400x883.jpg,Sosiaali ja terveys,"Kuvakommunikaation ja selkokielen perusteet, Iisalmi",Alkaa 5.11.2026 · Iisalmi,"To 5.11.26 klo 12.15 - 16.00 Savon Ammattiopisto, Asevelikatu 4, 74100 Iisalmi Kohtaatko työssäsi erityistä tukea tarvitsevia ihmisiä? Koulutuksesta saat perustietoa ja työvälineitä kohtaamiseen ja vuorovaikutukseen. Perusteet kommunikaatiosta • Kommunikaatio, vuorovaikutus, läsnäolo • Puhetta tukeva ja korvaava kommunikaatio Kuvakommunikaatio • Kuvakommunikaatio • Kommunikaatiopassi, toimintataulut, struktuurit yms. • Ohjeistus Papunetin kuvatyökaluun Selkokieli • Perusteet • Vinkkejä…","Asevelikatu 4, 74100 Iisalmi","Kuvakommunikaation ja selkokielen perusteet, Iisalmi;Sosiaali ja terveys;Ammatillinen täydennyskoulutus;korttikoulutukset;koulutus Iisalmi",
5811,toivala-siilinjarvi,https://savonkoulutus.fi/koulutukset/muoviputkistojen-puskuhitsaus-sahkomuhvi-ja-sahkosatulakoulutus-4pv-1-12-4-12-2026/,https://savonkoulutus.fi/wp-content/uploads/2024/12/sakky_oy-1400x883.jpg,Rakentaminen ja talotekniikka,"Muoviputkistojen puskuhitsaus-, sähkömuhvi- ja sähkösatulakoulutus (4pv)",Alkaa 1.12.2026 · Toivala (Siilinjärvi),"1.12.2026 klo 8-16 2.12.2026 klo 8-16 3.12.2026 klo 8-16 4.12.2026 klo 8-16 Haapamäentie 1, Toivala Koulutuksen aikana opitaan mm. muoviputkien teknisiä ominaisuuksia ja puskuhitsausmenetelmiä. Pätevyyden hakeminen edellyttää kirjallisen kokeen ja näyttöhitsausten hyväksyttyä suorittamista riippumattoman pätevöintivalvojan valvonnassa. Muoviputkien sähköhitsauskoulutuksen sekä pätevöitymiskoetilaisuuden hyväksytysti suoritettuasi voit hakea pätevyyden rekisteröintiä Kiwa Inspecta Sertifiointi…",,"Muoviputkistojen puskuhitsaus-, sähkömuhvi- ja sähkösatulakoulutus (4pv);Rakentaminen ja talotekniikka;Ammatillinen täydennyskoulutus;korttikoulutukset;koulutus Toivala (Siilinjärvi)",
5282,kuopio,https://savonkoulutus.fi/koulutukset/kuormausnosturin-kaytto-asennustyossa-28-9-2026-29-9-2026/,https://savonkoulutus.fi/wp-content/uploads/2025/04/taustakuva-20.jpg,"Ajoneuvo, logistiikka",Kuormausnosturin käyttö asennustyössä,Alkaa 28.9.2026 · Kuopio,"Koulutuksen ajankohta 28.- 29.9.2026. Aloitus ma 28.9.2026 klo 8:00 Savon ammattiopisto, Kolmisopentie 7, 70780 Kuopio Rakennus 1 (lounasravintolan rakennus), 2 krs, luokka 205. Kokoontuminen 2 krs. yläaulassa. Koulutuksen sisältö: - yli 25 tm kuormausnosturin käyttö asennustyössä - nostosuunnitelmat - nosturin ja nostoapuvälineiden tarkastus- ja hylkäysperusteet - henkilönostot - muuta asennusnostoihin liittyvää tärkeää tietoa Koulutuksen jälkeen suoritetaan maanrakennusalan ammattitutkinnon…","Kolmisopentie 7, 70780 Kuopio",Kuormausnosturin käyttö asennustyössä;Ajoneuvo;logistiikka;Ammatillinen täydennyskoulutus;korttikoulutukset;koulutus Kuopio,3047
5281,kuopio,https://savonkoulutus.fi/koulutukset/kuljetusala-ajokorttiluokan-korotus-c-ce-voimassa-oleva-ammattipatevyys/,https://savonkoulutus.fi/wp-content/uploads/2024/12/sakky_oy-1400x883.jpg,"Ajoneuvo, logistiikka",Kuljetusala: Ajokorttiluokan korotus C - CE (Voimassa oleva ammattipätevyys),Alkaa 1.1.2026 · Kuopio,"Joustava aloitus, kysy lisää kouluttajalta. Koulutuksen sisältö: - Teoriaopetus 5 h - Ajo-opetus 10 h - Verkko-opiskelumateriaali - Yhdistelmäajoneuvon käyttö ensimmäisessä ajokokeessa",,Kuljetusala: Ajokorttiluokan korotus C - CE (Voimassa oleva ammattipätevyys);Ajoneuvo;logistiikka;Ammatillinen täydennyskoulutus;korttikoulutukset;koulutus Kuopio,
5279,kuopio,https://savonkoulutus.fi/koulutukset/kuljetusala-ajokorttiluokan-korotus-b-c/,https://savonkoulutus.fi/wp-content/uploads/2024/12/sakky_oy-1400x883.jpg,"Ajoneuvo, logistiikka","Kuljetusala: Ajokorttiluokan korotus B "">"" C",Alkaa 1.1.2026 · Kuopio,"Joustava aloitus, kysy lisää kouluttajalta. Koulutuksen sisältö: - Teoriaopetus 12 h - Ajo-opetus 10 h - Verkko-opiskelumateriaali - Kuorma-auton käyttö ensimmäisessä ajokokeessa",,"Kuljetusala: Ajokorttiluokan korotus B "">"" C;Ajoneuvo;logistiikka;Ammatillinen täydennyskoulutus;korttikoulutukset;koulutus Kuopio",
5295,varkaus,https://savonkoulutus.fi/koulutukset/silmamaaraisen-tarkastuksen-koulutus-vt1-24-h/,https://savonkoulutus.fi/wp-content/uploads/2024/12/sakky_oy-1400x883.jpg,"Kone-, tuotanto- ja energiatekniikka",Silmämääräisen tarkastuksen koulutus VT1 (24 h),Alkaa 16.11.2026 · Varkaus,"Osmajoentie 75, Varkaus 16.11.2026 klo 8-16 17.11.2026 klo 8-16 18.11.2026 klo 8-16 Koulutuksen hinta 1300 € + alv25,5% VT1-koulutuksesta saat SFS-EN ISO 9712 mukaisen silmämääräisen tarkastuksen 1-tason todistuksen, joka pätevöittää tekemään 1-tason vaatimia silmämääräisiä tarkastuksia. VT1-koulutuksen jälkeen osaat -tunnistaa, mitata ja raportoida hitsausvirheistä silmämääräisen tarkastuksen perusteella, -käyttää mittalaitteita. Opit lisäksi ymmärtämään hitsausvirheiden syitä ja vaikutuksia…",,Silmämääräisen tarkastuksen koulutus VT1 (24 h);Kone-;tuotanto- ja energiatekniikka;Ammatillinen täydennyskoulutus;korttikoulutukset;koulutus Varkaus,
5743,kuopio,https://savonkoulutus.fi/koulutukset/kuljetusala-adr-peruskurssi-p-yp-16-11-2026-19-11-2026/,https://savonkoulutus.fi/wp-content/uploads/2024/12/sakky_oy-1400x883.jpg,"Ajoneuvo, logistiikka",Kuljetusala: ADR peruskurssi (P/YP),Alkaa 16.11.2026 · Kuopio,"Aloitus ma 16.11.2026 klo 8.15 Savon ammattiopisto, Kolmisopentie 7, 70780 Kuopio Rakennus 1 (lounasravintolan rakennus). Kokoontuminen 1 krs. aulassa.","Kolmisopentie 7, 70780 Kuopio",Kuljetusala: ADR peruskurssi (P/YP);Ajoneuvo;logistiikka;Ammatillinen täydennyskoulutus;korttikoulutukset;koulutus Kuopio,
5294,varkaus,https://savonkoulutus.fi/koulutukset/silmamaaraisen-tarkastuksen-koulutukset-vt1-ja-vt2-40-h/,https://savonkoulutus.fi/wp-content/uploads/2024/12/sakky_oy-1400x883.jpg,"Kone-, tuotanto- ja energiatekniikka",Silmämääräisen tarkastuksen koulutukset VT1 ja VT2 (40 h),Alkaa 16.11.2026 · Varkaus,"Osmajoentie 75, Varkaus 16.11.2026 klo 8-16 17.11.2026 klo 8-16 18.11.2026 klo 8-16 19.11.2026 klo 8-16 20.11.2026 klo 8-16 Koulutuksen hinta 2200 € + alv25,5% VT1-koulutuksen jälkeen osaat -tunnistaa, mitata ja raportoida hitsausvirheistä silmämääräisen tarkastuksen perusteella, -käyttää mittalaitteita. Opit lisäksi ymmärtämään hitsausvirheiden syitä ja vaikutuksia rakenteen kestävyyteen. VT1-koulutuksesta saat SFS-EN ISO 9712 mukaisen silmämääräisen tarkastuksen 1-tason todistuksen, joka…",,Silmämääräisen tarkastuksen koulutukset VT1 ja VT2 (40 h);Kone-;tuotanto- ja energiatekniikka;Ammatillinen täydennyskoulutus;korttikoulutukset;koulutus Varkaus,
5806,kuopio,https://savonkoulutus.fi/koulutukset/kinestetiikan-peruskurssi/,https://savonkoulutus.fi/wp-content/uploads/2024/12/sakky_oy-1400x883.jpg,Sosiaali ja terveys,Kinestetiikan® peruskurssi,Alkaa 1.3.2027 · Kuopio,"Innovatiivinen kinestetiikka® soveltuu moneen. Se on voimavaralähtöinen toimintamalli, mikä tukee ihmistä hänen perustoiminnoissaan siten, että hän kokee toimintansa mielekkäänä ja kykenee aktiivisesti osallistumaan toimintoihinsa huolimatta sairaudestaan tai vammaisuudestaan. Koulutuksen tavoitteena on että osallistuja • oppii oman kehon hallintaa • ymmärtää mikä vaikutus omalla liikkumisella on avustustilanteissa • oppii tukemaan toista ihmistä tavalla, joka mahdollistaa aktiivisen…",,Kinestetiikan® peruskurssi;Sosiaali ja terveys;Ammatillinen täydennyskoulutus;korttikoulutukset;koulutus Kuopio,
5730,kuopio,https://savonkoulutus.fi/koulutukset/kaasusumuttimen-kaytto-petoelainten-aiheuttamissa-uhkatilanteissa-koulutus-6-t/,https://savonkoulutus.fi/wp-content/uploads/2024/12/sakky_oy-1400x883.jpg,Turvallisuus,Kaasusumuttimen käyttö petoeläinten aiheuttamissa uhkatilanteissa -koulutus (6 t),Alkaa 24.11.2026 · Kuopio,"24.11.2026 klo 9.00–15.00 Savilahden kampus, Hehkukatu 1, Kuopio Kokoontuminen C-rakennuksen (Valo) pääaulaan Sisältö: * Kaasusumuttimen sisältämät aineet * Kaasusumutin * Kaasusumuttimen käyttö * Käytännön osaamisen toteaminen ja koe Hyväksytysti suoritetun koulutuksen jälkeen osallistujalla on mahdollisuus hakea poliisilta hallussapitolupaa kaasusumuttimelle mahdollisia suurpetokohtaamisia varten. Koulutuksen sisältö perustuu Poliisihallituksen ohjeistukseen kaasusumutinkoulutuksen…",,Kaasusumuttimen käyttö petoeläinten aiheuttamissa uhkatilanteissa -koulutus (6 t);Turvallisuus;Ammatillinen täydennyskoulutus;korttikoulutukset;koulutus Kuopio,
5270,kuopio,https://savonkoulutus.fi/koulutukset/jarjestyksenvalvojan-kertauskoulutus-8-h-10-11-ja-12-11-2026/,https://savonkoulutus.fi/wp-content/uploads/2024/12/sakky_oy-1400x883.jpg,Turvallisuus,Järjestyksenvalvojan kertauskoulutus (8 h) ja,Alkaa 10.11.2026 · Kuopio,"Koulutusillat klo 16.00–20.00 Tiistai 10.11.2026 Torstai 12.11.2026 Savilahden kampus, Hehkukatu 1, Kuopio Kokoontuminen C-rakennuksen (Valo) pääaulaan Jv-kortti on mahdollista uusia 6 kk ennen voimassaolopäivän päättymistä. Kertauskoulutuksen kokeen hyväksytysti suorittaneet voivat hakea poliisilta järjestyksenvalvojaksi hyväksymistä. Kertauskoulutus on laajuudeltaan kahdeksan (8) oppituntia ja koulutus edellyttää läsnäoloa kaikilla tunneilla.",,Järjestyksenvalvojan kertauskoulutus (8 h) ja;Turvallisuus;Ammatillinen täydennyskoulutus;korttikoulutukset;koulutus Kuopio,
5443,kuopio,https://savonkoulutus.fi/koulutukset/jannitetyokoulutus-8-h-20-10-2026/,https://savonkoulutus.fi/wp-content/uploads/2024/12/sakky_oy-1400x883.jpg,"Sähkö-, energia- ja automaatiotekniikka",Jännitetyökoulutus (8 h),Alkaa 20.10.2026 · Kuopio,"Ti 20.10.2026 klo 8.00-16.00 Hehkukatu 1, Kuopio Saapuminen ja pysäköinti Sähkötyöturvallisuusstandardin SFS6002-mukainen jännitetyökoulutus 1000V. * Sähköturvallisuuslaki ja -asetus * Sähkön vaarat ja tapaturmat * Jännitetöiden organisointi * Jännitetyön vaatimukset * Käytännön harjoitukset * Koe Koulutuksen hinta sisältää kahvit ja lounaan.",,Jännitetyökoulutus (8 h);Sähkö-;energia- ja automaatiotekniikka;Ammatillinen täydennyskoulutus;korttikoulutukset;koulutus Kuopio,
5446,verkko,https://savonkoulutus.fi/koulutukset/innovatiivinen-palvelumuotoilu-opi-testaa-kehita/,https://savonkoulutus.fi/wp-content/uploads/2024/12/sakky_oy-1400x883.jpg,"Liiketalous, johtaminen ja yrittäjyys","Innovatiivinen palvelumuotoilu – Opi, testaa, kehitä!",Alkaa 12.11.2026 · Etätoteutus,"Opi, miten asiakasymmärrys, liiketoimintatarpeet ja luova suunnittelu yhdistyvät vaikuttaviksi palveluiksi. Koulutuksessa saat käytännön työkalut asiakaskokemuksen tutkimiseen, suunnittelutiedon hyödyntämiseen ja palvelujen kehittämiseen. Koulutus toteutetaan Teamsin välityksellä 12.11.2026 7 tuntia 3.12.2026, 4 tuntia Tämä koulutus antaa sinulle taidot ja itsevarmuuden kehittää palveluita, jotka todella erottuvat ja tuottavat arvoa – niin asiakkaille kuin organisaatiollekin! Saat…",,"Innovatiivinen palvelumuotoilu – Opi, testaa, kehitä!;Liiketalous;johtaminen ja yrittäjyys;Ammatillinen täydennyskoulutus;korttikoulutukset",
5602,varkaus,https://savonkoulutus.fi/koulutukset/hygieniapassitesti-uusinta-varkaus/,https://savonkoulutus.fi/wp-content/uploads/2024/12/sakky_oy-1400x883.jpg,"Majoitus- ja ravitsemispalvelut, matkailu","Hygieniapassitesti UUSINTA, Varkaus",Alkaa 18.11.2026 · Varkaus,"Ilmoita ""Lisätiedot""-kentässä - testikieli: suomi, ruotsi, englanti Uusintatesti 18.11.2026 klo 15.15 - 16.15 Varkaus, Osmajoentie 75 C, luokka C1014 Saavu paikalle hyvissä ajoin. Koulun alueelle pysäköintiä varten tarvitset pysäköintiluvan (opiskelijapaikat). Pysäköintiluvan voit hakea A-rakennuksen asiakaspalvelupisteestä. Huom. **Ota mukaan voimassa oleva henkilöllisyystodistus. Kännykässä oleva kuva todistuksesta ei kelpaa. Lyijykynän käyttö ei ole sallittua, ota kuulakärkikynä (ei…",,"Hygieniapassitesti UUSINTA, Varkaus;Majoitus- ja ravitsemispalvelut;matkailu;Ammatillinen täydennyskoulutus;korttikoulutukset;koulutus Varkaus",
5601,kuopio,https://savonkoulutus.fi/koulutukset/hygieniapassitesti-uusinta-kuopio/,https://savonkoulutus.fi/wp-content/uploads/2024/12/sakky_oy-1400x883.jpg,"Majoitus- ja ravitsemispalvelut, matkailu","Hygieniapassitesti UUSINTA, Kuopio",Alkaa 28.10.2026 · Kuopio,"Ilmoita ""Lisätiedot""-kentässä - mihin testipäivään osallistut - testikieli: suomi, ruotsi, englanti Uusintatesti 28.10.2026 klo 14.15-15.15 Uusintatesti 24.11.2026 klo 15.15-16.15 Uusintatesti 10.12.2026 klo 14.15-15.15 Kuopio, Hehkukatu 1, Savilahden kampus, B2OP02 Kokoontuminen pääaulassa (Valo, C-osa, 1.krs) Saapuminen ja pysäköinti Huom. **Ota mukaan henkilöllisyystodistus ja kuulakärkikynä (ei musta)!** Lyijykynän käyttö ei ole sallittua.",,"Hygieniapassitesti UUSINTA, Kuopio;Majoitus- ja ravitsemispalvelut;matkailu;Ammatillinen täydennyskoulutus;korttikoulutukset;koulutus Kuopio",
5826,kuopio,https://savonkoulutus.fi/koulutukset/kappaletavaranosturin-kayttokoulutus-14-12-2026-16-12-2026/,https://savonkoulutus.fi/wp-content/uploads/2024/12/sakky_oy-1400x883.jpg,"Ajoneuvo, logistiikka",Kappaletavaranosturin käyttökoulutus,Alkaa 14.12.2026 · Kuopio,"Huom! Tämä on eri koulutus kuin erikseen tarjoamamme asennusnosturikoulutus. Koulutuksen ajankohta 14.- 16.12.2026, klo 8-16. Aloitus ma 14.12.2026 klo 8:00 Savon ammattiopisto, Kolmisopentie 7, 70780 Kuopio Rakennus 1 (lounasravintolan rakennus), 1 krs, kokoontuminen lounasravintolan edessä. Koulutuksen sisältö: – kappaletavaranosturin käyttämiseen liittyvä lainsäädäntö – nostosuunnitelmat – nosturin ja nostoapuvälineiden tarkastus- ja hylkäysperusteet – henkilönostot – muuta nosturin…","Kolmisopentie 7, 70780 Kuopio",Kappaletavaranosturin käyttökoulutus;Ajoneuvo;logistiikka;Ammatillinen täydennyskoulutus;korttikoulutukset;koulutus Kuopio,
5819,kuopio,https://savonkoulutus.fi/koulutukset/hygieniapassitesti-8-10-2026-kuopio/,https://savonkoulutus.fi/wp-content/uploads/2024/12/sakky_oy-1400x883.jpg,Sosiaali ja terveys,"Hygieniapassitesti, Kuopio",Alkaa 8.10.2026 · Kuopio,"Ilmoita ""Lisätiedot""-kentässä testikieli: suomi, ruotsi, englanti To 8.10.2026 klo 14.15-15.15 Kuopio, Hehkukatu 1, C2TS03 Leikki (C-osa, 2.krs) Kokoontuminen Pääaulassa (Valo, C-osa, 1.krs) Saapuminen ja pysäköinti Huom. **Ota mukaan henkilöllisyystodistus ja kuulakärkikynä (ei musta)!** Lyijykynän käyttö ei ole sallittua. Elintarvikehygieenisellä osaamisella tarkoitetaan elintarvikealan työntekijöiden jatkuvaa tietojen ja taitojen päivittämistä sekä ajankohtaisten alaa koskevien muutosten…",,"Hygieniapassitesti, Kuopio;Sosiaali ja terveys;Ammatillinen täydennyskoulutus;korttikoulutukset;koulutus Kuopio","5438,5442,5440"
5273,kuopio,https://savonkoulutus.fi/koulutukset/jarjestyksenvalvojan-voimankayton-lisakoulutus-16-h-2-11-3-11-2026/,https://savonkoulutus.fi/wp-content/uploads/2024/12/sakky_oy-1400x883.jpg,Turvallisuus,Järjestyksenvalvojan voimankäytön lisäkoulutus (16 h),Alkaa 2.11.2026 · Kuopio,"Koulutuspäivät klo 8.00–16.00 Maanantai 2.11.2026 Tiistai 3.11.2026 Savilahden kampus, Hehkukatu 1, Kuopio Kokoontuminen C-rakennuksen (Valo) pääaulaan Järjestyksenvalvojan voimankäytön lisäkoulutus jakautuu kahteen osioon (A ja B). A–osio sisältää teoriakoulutusta ja B-osio voimankäytön, käsirautojen ja enintään 70 senttimetriä pitkän patukan/teleskooppipatukan ja kaasusumuttimen koulutusta. Lisäkoulutuksessa pyritään saavuttamaan kullekin koulutukseen osallistujalle tarkoituksenmukainen…",,Järjestyksenvalvojan voimankäytön lisäkoulutus (16 h);Turvallisuus;Ammatillinen täydennyskoulutus;korttikoulutukset;koulutus Kuopio,
5352,varkaus,https://savonkoulutus.fi/koulutukset/hygieniapassitesti-18-11-2026-varkaus/,https://savonkoulutus.fi/wp-content/uploads/2024/12/sakky_oy-1400x883.jpg,"Majoitus- ja ravitsemispalvelut, matkailu","Hygieniapassitesti, Varkaus",Alkaa 18.11.2026 · Varkaus,"18.11.2026 klo 15.15 - 16.15 Osmajoentie 75 C, luokka C1014. Saavu paikalle hyvissä ajoin. Koulun alueelle pysäköintiä varten tarvitset pysäköintiluvan (opiskelijapaikat). Pysäköintiluvan voit hakea A-rakennuksen asiakaspalvelupisteestä. Huom. **Ota mukaan voimassa oleva henkilöllisyystodistus. Kännykässä oleva kuva todistuksesta ei kelpaa. Lyijykynän käyttö ei ole sallittua, ota kuulakärkikynä (ei musta)!** Hygieniaosaamisella tarkoitetaan elintarvikealan yrityksessä työskentelevien jatkuvaa…",,"Hygieniapassitesti, Varkaus;Majoitus- ja ravitsemispalvelut;matkailu;Ammatillinen täydennyskoulutus;korttikoulutukset;koulutus Varkaus",
5438,kuopio,https://savonkoulutus.fi/koulutukset/hygieniapassitesti-10-12-2026-kuopio/,https://savonkoulutus.fi/wp-content/uploads/2024/12/sakky_oy-1400x883.jpg,"Majoitus- ja ravitsemispalvelut, matkailu","Hygieniapassitesti, Kuopio",Alkaa 10.12.2026 · Kuopio,"Ilmoita ""Lisätiedot""-kentässä testikieli: suomi, ruotsi, englanti To 10.12.2026 klo 14.15-15.15 Kuopio, Hehkukatu 1, B2OP02 (B-rakennus) Kokoontuminen klo 14.10 mennessä Pääaulassa (Valo, C-osa, 1.krs) Saapuminen ja pysäköinti Huom. **Ota mukaan henkilöllisyystodistus ja kuulakärkikynä (ei musta)!** Lyijykynän käyttö ei ole sallittua. Elintarvikehygieenisellä osaamisella tarkoitetaan elintarvikealan työntekijöiden jatkuvaa tietojen ja taitojen päivittämistä sekä ajankohtaisten alaa koskevien…",,"Hygieniapassitesti, Kuopio;Majoitus- ja ravitsemispalvelut;matkailu;Ammatillinen täydennyskoulutus;korttikoulutukset;koulutus Kuopio","5819,5442,5440"
5437,kuopio,https://savonkoulutus.fi/koulutukset/hygieniapassikoulutus-7-h-ja-testi-1-h-24-11-2026-kuopio/,https://savonkoulutus.fi/wp-content/uploads/2024/12/sakky_oy-1400x883.jpg,"Majoitus- ja ravitsemispalvelut, matkailu","Hygieniapassikoulutus (7 h) ja -testi (1 h), Kuopio",Alkaa 24.11.2026 · Kuopio,"Ti 24.11.2026 Kuopio, Hehkukatu 1 Koulutus klo 8.15-15.00, B2OP02 (B-rakennus) Testi klo 15.15-16.15, B2OP02 (B-rakennus) Kokoontuminen klo 8.10. mennessä Pääaulassa (Valo, C-osa, 1.krs) Saapuminen ja pysäköinti Ilmoita ""Lisätiedot""-kentässä testikieli: suomi, ruotsi, englanti Huom. **Ota mukaan henkilöllisyystodistus ja kuulakärkikynä (ei musta)!** Lyijykynän käyttö ei ole sallittua. Elintarvikehygieenisellä osaamisella tarkoitetaan elintarvikealan työntekijöiden jatkuvaa tietojen ja taitojen…",,"Hygieniapassikoulutus (7 h) ja -testi (1 h), Kuopio;Majoitus- ja ravitsemispalvelut;matkailu;Ammatillinen täydennyskoulutus;korttikoulutukset;koulutus Kuopio",
5261,verkko,https://savonkoulutus.fi/koulutukset/frc-emergency-first-aid-8-h-online-course/,https://savonkoulutus.fi/wp-content/uploads/2024/12/sakky_oy-1400x883.jpg,Sosiaali ja terveys,FRC Emergency First Aid 8 h online course,Alkaa 1.8.2026 · Verkko-opetus,During the emergency first aid course participant gets to practise life saving first aid skills online. Aim of the course is to increase participant’s courage to take action in emergency situations. Course content • actions in first aid situations • identification of and first aid for an unconscious person • CPR and the use of an AED • first aid for choking • stopping severe bleeding in an extremity • shock • first aid for most common sudden cases of illness • first aid for most common wounds…,,FRC Emergency First Aid 8 h online course;Sosiaali ja terveys;Ammatillinen täydennyskoulutus;korttikoulutukset,
5260,verkko,https://savonkoulutus.fi/koulutukset/frc-emergency-first-aid-4-h-online-course/,https://savonkoulutus.fi/wp-content/uploads/2024/12/sakky_oy-1400x883.jpg,Sosiaali ja terveys,FRC Emergency First Aid 4 h online course,Alkaa 1.8.2026 · Verkko-opetus,"During the course the life saving first aid skills are practiced online. Aim of the course is to increase participant’s courage to take action in emergency situations. FRC Emergency First Aid 4 h online course Course content • actions in first aid situations • identification of and first aid for an unconscious person • CPR and the use of an AED • first aid for choking • wounds, burns and electric shock • stopping severe bleeding in an extremity • shock • accident prevention • preparedness FRC…",,FRC Emergency First Aid 4 h online course;Sosiaali ja terveys;Ammatillinen täydennyskoulutus;korttikoulutukset,
5280,kuopio,https://savonkoulutus.fi/koulutukset/kuljetusala-ajokorttiluokan-korotus-c-ce-ei-voimassa-olevaa-ammattipatevyytta/,https://savonkoulutus.fi/wp-content/uploads/2024/12/sakky_oy-1400x883.jpg,"Ajoneuvo, logistiikka",Kuljetusala: Ajokorttiluokan korotus C - CE (Ei voimassa olevaa ammattipätevyyttä),Alkaa 1.1.2026 · Kuopio,"Joustava aloitus, kysy lisää kouluttajalta. Koulutuksen sisältö: - Teoriaopetus 15 h - Ajo-opetus 30 h - Verkko-opiskelumateriaali - Yhdistelmäajoneuvon käyttö ensimmäisessä ajokokeessa",,Kuljetusala: Ajokorttiluokan korotus C - CE (Ei voimassa olevaa ammattipätevyyttä);Ajoneuvo;logistiikka;Ammatillinen täydennyskoulutus;korttikoulutukset;koulutus Kuopio,
5442,kuopio,https://savonkoulutus.fi/koulutukset/hygieniapassitesti-28-10-2026-kuopio/,https://savonkoulutus.fi/wp-content/uploads/2024/12/sakky_oy-1400x883.jpg,"Majoitus- ja ravitsemispalvelut, matkailu","Hygieniapassitesti, Kuopio",Alkaa 28.10.2026 · Kuopio,"Ilmoita ""Lisätiedot""-kentässä testikieli: suomi, ruotsi, englanti Ke 28.10.2026 klo 14.15-15.15 Kuopio, Hehkukatu 1, B2OP02 (B-rakennus) Kokoontuminen klo 14.10 mennessä Pääaulassa (Valo, C-osa, 1.krs) Saapuminen ja pysäköinti Huom. **Ota mukaan henkilöllisyystodistus ja kuulakärkikynä (ei musta)!** Lyijykynän käyttö ei ole sallittua. Elintarvikehygieenisellä osaamisella tarkoitetaan elintarvikealan työntekijöiden jatkuvaa tietojen ja taitojen päivittämistä sekä ajankohtaisten alaa koskevien…",,"Hygieniapassitesti, Kuopio;Majoitus- ja ravitsemispalvelut;matkailu;Ammatillinen täydennyskoulutus;korttikoulutukset;koulutus Kuopio","5819,5438,5440"
5440,kuopio,https://savonkoulutus.fi/koulutukset/hygieniapassitesti-24-11-2026-kuopio/,https://savonkoulutus.fi/wp-content/uploads/2024/12/sakky_oy-1400x883.jpg,"Majoitus- ja ravitsemispalvelut, matkailu","Hygieniapassitesti, Kuopio",Alkaa 24.11.2026 · Kuopio,"Ilmoita ""Lisätiedot""-kentässä testikieli: suomi, ruotsi, englanti Ti 24.11.2026 klo 15.15-16.15 Kuopio, Hehkukatu 1, B2OP02 (B-rakennus) Kokoontuminen klo 15.10 mennessä Pääaulassa (Valo, C-osa, 1.krs) Saapuminen ja pysäköinti Huom. **Ota mukaan henkilöllisyystodistus ja kuulakärkikynä (ei musta)!** Lyijykynän käyttö ei ole sallittua. Elintarvikehygieenisellä osaamisella tarkoitetaan elintarvikealan työntekijöiden jatkuvaa tietojen ja taitojen päivittämistä sekä ajankohtaisten alaa koskevien…",,"Hygieniapassitesti, Kuopio;Majoitus- ja ravitsemispalvelut;matkailu;Ammatillinen täydennyskoulutus;korttikoulutukset;koulutus Kuopio","5819,5438,5442"
5600,kuopio,https://savonkoulutus.fi/koulutukset/anniskelupassikoe-uusinta/,https://savonkoulutus.fi/wp-content/uploads/2024/12/sakky_oy-1400x883.jpg,"Majoitus- ja ravitsemispalvelut, matkailu",Anniskelupassikoe UUSINTA,Alkaa 8.10.2026 · Kuopio,"Ilmoita ""Lisätiedot""-kentässä - Mihin testipäivään osallistut - Testikieli: suomi, ruotsi, englanti Uusintakoe 08.10.2026, Kuopio klo 16.15-17.15 Uusintakoe 12.11.2026, Kuopio klo 16.15-17.15 Uusintakoe 18.11.2026, Varkaus klo 15.15.-16.15 Uusintakoe 10.12.2026, Kuopio klo 16.15-17.15 Huom. Ota mukaan kuvallinen henkilöllisyystodistus. Kokeesta poistuttaessa on esitettävä virallinen, kuvallinen henkilöllisyystodistus. Uusintakoe anniskelua koskevien säädösten hallitsemisesta…",,Anniskelupassikoe UUSINTA;Majoitus- ja ravitsemispalvelut;matkailu;Ammatillinen täydennyskoulutus;korttikoulutukset;koulutus Kuopio,
5694,varkaus,https://savonkoulutus.fi/koulutukset/anniskelupassikoe-18-11-2026-varkaus/,https://savonkoulutus.fi/wp-content/uploads/2024/12/sakky_oy-1400x883.jpg,"Majoitus- ja ravitsemispalvelut, matkailu","Anniskelupassikoe, Varkaus",Alkaa 18.11.2026 · Varkaus,"Ke 18.11.2026 klo 15.15–16.15 Osmajoentie 75 C (C1002), Varkaus Ilmoita ""Lisätiedot""-kentässä - Testikieli: suomi, ruotsi, englanti Huom. Ota mukaan kuvallinen henkilöllisyystodistus. Kokeesta poistuttaessa on esitettävä virallinen, kuvallinen henkilöllisyystodistus. Koe anniskelua koskevien säädösten hallitsemisesta (anniskelutoiminta, alkoholijuomien mainonta, valvonta ja sanktiot sekä anniskeluluvan myöntäminen). Hyväksytty todistus annetaan henkilölle, joka osoittaa hallitsevansa 80 %…",,"Anniskelupassikoe, Varkaus;Majoitus- ja ravitsemispalvelut;matkailu;Ammatillinen täydennyskoulutus;korttikoulutukset;koulutus Varkaus",
5596,kuopio,https://savonkoulutus.fi/koulutukset/anniskelupassikoe-12-11-2026-kuopio/,https://savonkoulutus.fi/wp-content/uploads/2024/12/sakky_oy-1400x883.jpg,"Majoitus- ja ravitsemispalvelut, matkailu","Anniskelupassikoe, Kuopio",Alkaa 12.11.2026 · Kuopio,"Ilmoita ""Lisätiedot""-kentässä testikieli - suomi, ruotsi, englanti 12.11.2026 klo 16.15–17.15 Hehkukatu 1, Kuopio, luokkatila B2OP04 Saavu paikalle hyvissä ajoin. Pääsisäänkäynti on C-ovesta (Valo). Kokoontuminen pääaulassa (Valo,1.krs) Saapuminen ja pysäköinti Huom. Ota mukaan kuvallinen henkilöllisyystodistus. Kokeesta poistuttaessa on esitettävä virallinen, kuvallinen henkilöllisyystodistus. Koe anniskelua koskevien säädösten hallitsemisesta (anniskelutoiminta, alkoholijuomien mainonta…",,"Anniskelupassikoe, Kuopio;Majoitus- ja ravitsemispalvelut;matkailu;Ammatillinen täydennyskoulutus;korttikoulutukset;koulutus Kuopio","5595,5599"
5595,kuopio,https://savonkoulutus.fi/koulutukset/anniskelupassikoe-10-12-2026-kuopio/,https://savonkoulutus.fi/wp-content/uploads/2024/12/sakky_oy-1400x883.jpg,"Majoitus- ja ravitsemispalvelut, matkailu","Anniskelupassikoe, Kuopio",Alkaa 10.12.2026 · Kuopio,"Ilmoita ""Lisätiedot""-kentässä testikieli - suomi, ruotsi, englanti 10.12.2026 klo 16.15–17.15 Hehkukatu 1, Kuopio, luokkatila B2OP04 Saavu paikalle hyvissä ajoin. Pääsisäänkäynti on C-ovesta (Valo). Kokoontuminen pääaulassa (Valo,1.krs) Saapuminen ja pysäköinti Huom. Ota mukaan kuvallinen henkilöllisyystodistus. Kokeesta poistuttaessa on esitettävä virallinen, kuvallinen henkilöllisyystodistus. Koe anniskelua koskevien säädösten hallitsemisesta (anniskelutoiminta, alkoholijuomien mainonta…",,"Anniskelupassikoe, Kuopio;Majoitus- ja ravitsemispalvelut;matkailu;Ammatillinen täydennyskoulutus;korttikoulutukset;koulutus Kuopio","5596,5599"
5714,kuopio,https://savonkoulutus.fi/koulutukset/forklift-training-in-english-2-days-5-10-2026-6-10-2026/,https://savonkoulutus.fi/wp-content/uploads/2024/12/sakky_oy-1400x883.jpg,"Ajoneuvo, logistiikka",Forklift Training in English (2 days),Alkaa 5.10.2026 · Kuopio,"Starts: Monday, October 5th, 2026, at 8:15 AM Savon ammattiopisto (Savo Vocational College), Kolmisopentie 7, 70780 Kuopio Building 1 (lunch restaurant building), 2nd floor, classroom 204. Meeting point: 2nd-floor upper lobby. The course takes place over two days. Course content: Day 1 – Theory instruction (8:15 AM - 4 PM): – Forklift operator responsibilities and duties (legislation) – Forklift types – Pre-operation inspection – Dimensions and centers of gravity – Data plates and lifting…","Kolmisopentie 7, 70780 Kuopio",Forklift Training in English (2 days);Ajoneuvo;logistiikka;Ammatillinen täydennyskoulutus;korttikoulutukset;koulutus Kuopio,
5539,kuopio,https://savonkoulutus.fi/koulutukset/ajoneuvoalan-ilmastointipatevyyskoulutus-m2-8-12-2026/,https://savonkoulutus.fi/wp-content/uploads/2024/12/sakky_oy-1400x883.jpg,"Ajoneuvo, logistiikka",Ajoneuvoalan ilmastointipätevyyskoulutus M2,Alkaa 8.12.2026 · Kuopio,"Ti 08.12.2026 klo 8.00-16.00 Kuopio, Hehkukatu 1, Tila: A1TS17 Kouluttaja hakee opiskelijat pääaulasta (C-osa). puh 044 785 3583 KOULUTUKSEN SISÄLTÖ • Perusteita lainsäädännöstä, kylmäaineista, komponenteista, turvallisuudesta ja ilmastovaikutuksista • Vuototarkastukset • Fluorattujen kasvihuonekaasujen ympäristöystävällinen talteenotto • Käytännönharjoitukset • Loppukoe 283,00 € (sis. alv 25,5%) Hinta sisältää kahvin ja lounaan.",,Ajoneuvoalan ilmastointipätevyyskoulutus M2;Ajoneuvo;logistiikka;Ammatillinen täydennyskoulutus;korttikoulutukset;koulutus Kuopio,
5541,kuopio,https://savonkoulutus.fi/koulutukset/autoalan-sahkotyoturvallisuuskoulutus-sfs-6002-1-12-2026/,https://savonkoulutus.fi/wp-content/uploads/2024/12/sakky_oy-1400x883.jpg,"Ajoneuvo, logistiikka",Autoalan sähkötyöturvallisuuskoulutus SFS 6002,Alkaa 1.12.2026 · Kuopio,"Sähkö- ja hybridiautojen parissa työskenteleville tarkoitettu turvallisuuskoulutus SFS6002 koulutus: Ti 01.12.2026 klo 9.15-16.00 Kokoontuminen C pääaulaan (Valo-rakennus) klo 9:00 Kuopio, Hehkukatu 1, Tila: A1TS12 Sähkötyöturvallisuusstandardi SFS6002 määrittelee sähkö- ja hybridiajoneuvojen huolto- ja korjaustöihin liittyvät, autokorjaamoita ja niiden henkilökuntaa koskevat vaatimukset. 7.2.2025 uudistetun standardin myötä autoalan SFS 6002 koulutus vaaditaan sähkö- tai hybridiajoneuvoihin…",,Autoalan sähkötyöturvallisuuskoulutus SFS 6002;Ajoneuvo;logistiikka;Ammatillinen täydennyskoulutus;korttikoulutukset;koulutus Kuopio,
5599,kuopio,https://savonkoulutus.fi/koulutukset/anniskelupassikoe-8-10-2026-kuopio/,https://savonkoulutus.fi/wp-content/uploads/2024/12/sakky_oy-1400x883.jpg,"Majoitus- ja ravitsemispalvelut, matkailu","Anniskelupassikoe, Kuopio",Alkaa 8.10.2026 · Kuopio,"Ilmoita ""Lisätiedot""-kentässä testikieli - suomi, ruotsi, englanti 8.10.2026 klo 16.15–17.15 Hehkukatu 1, Kuopio, luokkatila B2OP04 Saavu paikalle hyvissä ajoin. Pääsisäänkäynti on C-ovesta (Valo). Kokoontuminen pääaulassa (Valo,1.krs) Saapuminen ja pysäköinti Huom. Ota mukaan kuvallinen henkilöllisyystodistus. Kokeesta poistuttaessa on esitettävä virallinen, kuvallinen henkilöllisyystodistus. Koe anniskelua koskevien säädösten hallitsemisesta (anniskelutoiminta, alkoholijuomien mainonta…",,"Anniskelupassikoe, Kuopio;Majoitus- ja ravitsemispalvelut;matkailu;Ammatillinen täydennyskoulutus;korttikoulutukset;koulutus Kuopio","5596,5595"
5757,verkko,https://savonkoulutus.fi/koulutukset/spr-hataensiapukurssi-4-t-yhdistelmakoulutus/,https://savonkoulutus.fi/wp-content/uploads/2026/09/Yhdistelmakoulutusten-markkinointikuva3.jpg,Sopii kaikille aloille,SPR Hätäensiapukurssi 4 t® yhdistelmäkoulutus,Monimuotototeutus,"Tilaa työpaikallesi SPR Hätäensiapukurssi 4 t® yhdistelmäkoulutus, joka on joustava ja helppo tapa suorittaa hätäensiapupätevyys. Kurssin sisältö • Toiminta auttamistilanteessa • Tajuttoman henkilön tunnistaminen ja ensiapu • Aikuisen painelu-puhalluselvytys + sydäniskurin (defibrillaattori) käyttö • Tukehtuvan henkilön ensiapu • Suuren verenvuodon tyrehdyttäminen • Verenkierron häiriötilan ensiapu (sokki) • Haavat, palovammat ja sähkötapaturmat • Tapaturmien ennaltaehkäisy • Valmius ja…",,SPR Hätäensiapukurssi 4 t® yhdistelmäkoulutus;Sopii kaikille aloille;Tilauskoulutus,
3872,verkko,https://savonkoulutus.fi/koulutukset/tiimi-ja-henkilostopaiva-organisaatiokohtainen-henkilostotapahtuma/,https://savonkoulutus.fi/wp-content/uploads/2024/12/yhteistyo-savonkoulutus.jpg,Sopii kaikille aloille,Tiimi- ja henkilöstöpäivä - organisaatiokohtainen henkilöstötapahtuma,Monimuotototeutus,"Hyödyt, kun tilaat henkilöstötapahtuman Savon Koulutus Oy:ltä: Ajansäästö ja tehokkuus Ei tarvitse käyttää kymmeniä tunteja ideointiin, tarjouspyyntöihin, aikatauluihin ja esiintyjien metsästykseen – kaikki hoituu yhdeltä luukulta. Ammattimainen toteutus Tiedämme, miten rakennetaan sujuva, vaikuttava ja osallistava tapahtuma. Aikataulutus, tekniikka ja osallistujien viihtyvyys huomioidaan huolella. Räätälöinti juuri teidän tarpeisiin Tapahtuma suunnitellaan tilaajan tavoitteiden mukaan…",,Tiimi- ja henkilöstöpäivä - organisaatiokohtainen henkilöstötapahtuma;Sopii kaikille aloille;Tilauskoulutus,
4325,verkko,https://savonkoulutus.fi/koulutukset/tyonohjaus/,https://savonkoulutus.fi/wp-content/uploads/2024/12/sakky_oy-1400x883.jpg,Sopii kaikille aloille,Työnohjaus – kevyt ja vaikuttava työkalu kehittämiseen,Monimuotototeutus,"Työnohjaus voidaan toteuttaa yksilö-, ryhmä- tai yhteisökohtaisena. Toteutustapa löytyy keskustelussa työnohjaajan kanssa. Työskentelykertoja on vähintään viidestä kahdeksaan kertaa noin kolmen viikon välein. Yksilöohjauksessa työskentelyaika on 60-90 minuuttia ja ryhmän ja yhteisön ohjauksessa vähintään 90 minuuttia. Työskentelylle asetetaan tavoite yhteistyössä esihenkilön ja ohjattavien kanssa. Keskeisenä työkaluna on puhuminen, minkä lisäksi työnohjaaja valikoi tarpeen mukaan…",,Työnohjaus – kevyt ja vaikuttava työkalu kehittämiseen;Sopii kaikille aloille;Tilauskoulutus,
3873,verkko,https://savonkoulutus.fi/koulutukset/viestintaosaaminen/,https://savonkoulutus.fi/wp-content/uploads/2025/04/taustakuva-20.jpg,Sopii kaikille aloille,Viestintäosaaminen,Monimuotototeutus,"Suunnittelemme koulutukset yhdessä asiakkaan kanssa siten, että ne vastaavat sekä sisällöllisesti että toteutustavoiltaan asiakkaan tarpeita. Koulutus voi sisältää esimerkiksi seuraavia teemoja: Esihenkilön viestintätaidot Hybridi- ja etätyön viestintätaidot Konfliktien ehkäisy ja ratkaisu viestinnän keinoin Monikulttuurinen viestintä työyhteisössä Palautekulttuurin vahvistaminen Rakentava vuorovaikutus työyhteisössä Selkeä kirjallinen viestintä Tunteet työyhteisön vuorovaikutuksessa…",,Viestintäosaaminen;Sopii kaikille aloille;Tilauskoulutus,
5537,kuopio,https://savonkoulutus.fi/koulutukset/ajoneuvoalan-ilmastointipatevyyskoulutus-m1-10-11-2026-18-11-2026/,https://savonkoulutus.fi/wp-content/uploads/2024/12/sakky_oy-1400x883.jpg,"Ajoneuvo, logistiikka",Ajoneuvoalan ilmastointipätevyyskoulutus M1,Alkaa 10.11.2026 · Kuopio,"M1 pätevyyspäivä (1 pv) Ti 10.11.2026 klo 8.15-16.00 Savon ammattiopisto, Kuopio, Hehkukatu 1, tila: A1TS17 Kouluttaja hakee opiskelijat pääaulasta (C-osa, 1.krs). 283,00 € (sis. alv 25,5%) Hinta sisältää kahvin ja lounaan. KOULUTUKSEN SISÄLTÖ: • Perusteita lainsäädännöstä, kylmäaineista, komponenteista, turvallisuudesta ja ilmastovaikutuksista • Vuototarkastukset • Huolto ja korjaus • Fluorattujen kasvihuonekaasujen ympäristöystävällinen talteenotto • Käytännönharjoitukset • Loppukoe…",,Ajoneuvoalan ilmastointipätevyyskoulutus M1;Ajoneuvo;logistiikka;Ammatillinen täydennyskoulutus;korttikoulutukset;koulutus Kuopio,
5753,kuopio,https://savonkoulutus.fi/koulutukset/adr-tiedostava-koulutus-2-pv-7-12-2026-8-12-2026/,https://savonkoulutus.fi/wp-content/uploads/2024/12/sakky_oy-1400x883.jpg,"Ajoneuvo, logistiikka",ADR-tiedostava koulutus (2 pv),Alkaa 7.12.2026 · Kuopio,"Koulutuspäivät ma 7.12. ja ti 8.12. klo 8:15 - 16:15 Savon ammattiopisto, Kolmisopentie 7, 70780 Kuopio Rakennus 1 (lounasravintolan rakennus). Kokoontuminen 2 krs. yläaulassa. Kurssi järjestetään kaksipäiväisenä. Koulutuksen sisältö: - Vaaralliset aineet - Kuljetuspakkaukset ja merkinnät - Varoituslipukkeet - Kuljetusasiakirjat - Kuormaaminen, kuljettaminen ja purkaminen - Vastaanottajan velvollisuudet - Toiminta onnettomuustilanteessa - Vapaarajan laskeminen - Yhteenkuormauskiellot Kurssin…","Kolmisopentie 7, 70780 Kuopio",ADR-tiedostava koulutus (2 pv);Ajoneuvo;logistiikka;Ammatillinen täydennyskoulutus;korttikoulutukset;koulutus Kuopio,
4759,verkko,https://savonkoulutus.fi/koulutukset/yaskawa-hitsausrobotin-operaattorikoulutus/,https://savonkoulutus.fi/wp-content/uploads/2024/12/sakky_oy-1400x883.jpg,"Kone-, tuotanto- ja energiatekniikka",Yaskawa hitsausrobotin operaattorikoulutus,Monimuotototeutus,"Haluatko kehittää ammattitaitoasi hitsausrobottien parissa? Koulutus on suunniteltu hitsausrobotin kanssa työskentelyä aloitteleville tai robotin hankintaa suunnitteleville yrityksille. Koulutus toimii myös lisäkoulutuksena jo robotin kanssa työskenteleville. Koulutus on kestoltaan 3-4 pv. Koulutusohjelmaan sisältyy verkko-osuus (1-2 pv) ja lähikoulutuspäivät robotilla (2 pv). Lisäksi koulutusohjelmaan on mahdollista lisätä tarvittava määrä lähipäiviä, joihin osallistuja voi tuoda oman…",,Yaskawa hitsausrobotin operaattorikoulutus;Kone-;tuotanto- ja energiatekniikka;Tilauskoulutus,
5022,useita,https://savonkoulutus.fi/koulutukset/vt-perusteet/,https://savonkoulutus.fi/wp-content/uploads/2026/04/Patevointilaitos-VT-1.jpg,"Kone-, tuotanto- ja energiatekniikka",Visuaalisen tarkastuksen (VT) perusteet,Useita,"Koulutuspäivän sisältö voi sisältää esimerkiksi seuraavia teemoja: 6 t teoria ja 2 t käytännön harjoitukset joko mallikappaleisiin tai asiakkaan piirustuksilla omiin tuotteisiin. Tarkastusmenetelmät Silmämääräisen tarkastuksen perusteet Hitsaukseen liittyvät käsitteet ja termit Silmämääräisen tarkastuksen välineet Silmämääräisen tarkastuksen suoritus standardin SFS - EN 17637 mukaan Hitsausmerkinnät standardin SFS – EN ISO 2553 mukaisesti Hitsausstandardi SFS – EN 5817, hitsiluokat…",,Visuaalisen tarkastuksen (VT) perusteet;Kone-;tuotanto- ja energiatekniikka;Tilauskoulutus;koulutus Useita,
5409,useita,https://savonkoulutus.fi/koulutukset/isometristen-putkistopiirustusten-perusteet/,https://savonkoulutus.fi/wp-content/uploads/2024/12/sakky_oy-1400x883.jpg,"Kone-, tuotanto- ja energiatekniikka",Isometristen putkistopiirustusten perusteet,Useita,"Koulutuksen jälkeen osaat lukea ja tulkita isometrisiä putkistopiirustuksia luotettavasti, ymmärtää niiden sisältämät komponentit sekä ymmärrät isometrisen ajattelutavan. Koulutuksessa opit: Isometristen piirustusten lukeminen Miten hahmotat kolmiulotteisen, isometrisen putkiston yhdestä kuvasta Suunnat, korkeudet, kulmat ja mittasuhteet oikein tulkittuna Yleisimmät merkinnät Putkiston komponentit ja merkinnät Venttiilit, laipat, hitsaukset ja kannakointi Komponenttien tunnistaminen…",,Isometristen putkistopiirustusten perusteet;Kone-;tuotanto- ja energiatekniikka;Tilauskoulutus;koulutus Useita,
4535,useita,https://savonkoulutus.fi/koulutukset/laakehoidon-perusteet/,https://savonkoulutus.fi/wp-content/uploads/2024/12/sakky_oy-1400x883.jpg,Sosiaali ja terveys,Lääkehoidon perusteet,Useita,"Lääkehoidon perusteet -koulutuksen sisältönä on: lääkehuoltoa koskevat säädökset lääkehoidon tietokannat lääkehuoltoon liittyvä työ- ja ympäristönsuojelu sekä aseptiikka lääkkeiden antotavat ja lääkemuodot lääkehoitoon vaikuttavat tekijät lääkkeiden vaiheet ja vaikutukset elimistössä ikääntymisen vaikutus lääkehoitoon lääkkeiden vaikutusten ja yleisimpien lääkkeiden sivuvaikutusten tarkkailu riskilääkkeet ja PKV-lääkkeet lääkeaineryhmiä (esim. diabeteslääkkeet, sydän- ja verenkiertoelimistön…",,Lääkehoidon perusteet;Sosiaali ja terveys;Tilauskoulutus;koulutus Useita,
3016,useita,https://savonkoulutus.fi/koulutukset/haastavan-asiakkaan-kohtaaminen-4h/,https://savonkoulutus.fi/wp-content/uploads/2025/03/haastava-asiakas.jpg,Sopii kaikille aloille,Haastavan asiakkaan kohtaaminen ja uhkatilanteet,Useita,"Haastavan asiakkaan kohtaaminen -koulutuksessa käydään läpi teoriaa ja käytännön toimintamalleja, jotka auttavat työntekijöitä kohtaamaan ja hallitsemaan haastavia asiakastilanteita turvallisesti ja ammattimaisesti. Koulutuksen tavoitteena on antaa osallistujille työkaluja ja varmuutta toimia erilaisissa haastavissa asiakastilanteissa, joissa asiakas tai omainen voi olla uhkaava tai vaikeasti lähestyttävä. Koulutuksen pääkohdat Lainsäädäntöä: Käydään läpi oikeuttamisperusteet, hätävarjelu ja…",,Haastavan asiakkaan kohtaaminen ja uhkatilanteet;Sopii kaikille aloille;Tilauskoulutus;koulutus Useita,
3380,verkko,https://savonkoulutus.fi/koulutukset/asiakaspalvelukoulutus/,https://savonkoulutus.fi/wp-content/uploads/2025/04/verkkokauppakuva-4.jpg,Sopii kaikille aloille,Asiakaspalvelukoulutus,Monimuotototeutus,"Asiakaspalvelukoulutus voi sisältää esimerkiksi seuraavia teemoja: Asiakaspalvelun perusteet – kohtaamisen merkitys Erinomaisen asiakaskokemuksen rakentaminen Vuorovaikutustaidot asiakaspalvelussa Haastavat asiakastilanteet hallintaan Reklamaatiot mahdollisuutena – kuinka käännät negatiivisen positiiviseksi Asiakaspalvelijan tunnetaitojen kehittäminen Kuunteleminen ja asiakkaan tarpeiden ymmärtäminen Suunnittelemme koulutukset yhdessä asiakkaan kanssa siten, että ne vastaavat sekä…",,Asiakaspalvelukoulutus;Sopii kaikille aloille;Tilauskoulutus,
3005,useita,https://savonkoulutus.fi/koulutukset/alkusammutuskoulutus-spek-alkusammutus-as1/,https://savonkoulutus.fi/wp-content/uploads/2025/03/alkusammutus-800-x-400-px.jpg,Sopii kaikille aloille,Alkusammutuskortti AS-1 -koulutus,Useita,"Alkusammutus AS1 -koulutuksen tavoitteena on varmistaa, että osallistujat osaavat ja uskaltavat käyttää sammutuspeitettä ja käsisammutinta hätätilanteessa. Koulutuksessa käydään läpi tulipalon kehittyminen ja havainnollistetaan, miksi nopea ja tehokas alkusammutus on tärkeää. Koulutuksen aikana osallistujat tutustuvat paloriskien tunnistamiseen ympäristössään sekä oppivat toimimaan onnettomuustilanteissa lakisääteisten pelastustoimenpiteiden mukaisesti. Koulutuksen sisältö: Koulutuksen…",,Alkusammutuskortti AS-1 -koulutus;Sopii kaikille aloille;Ammatillinen täydennyskoulutus;korttikoulutukset;koulutus Useita,
4402,useita,https://savonkoulutus.fi/koulutukset/yhteisoohjautuvuus-kokeile-ja-tutustu-aloituspaketti-yhteisoohjautuvuuteen/,https://savonkoulutus.fi/wp-content/uploads/2024/12/sakky_oy-1400x883.jpg,Sopii kaikille aloille,Yhteisöohjautuvuus: Kokeile ja tutustu – aloituspaketti yhteisöohjautuvuuteen,Useita,Työohjautuvuus-koulutuksen 3 tunnin toiminnallinen työpaja toteutetaan organisaation tiloissa. Työskentely pohjautuu tiimin kehityskaareen ja palvelumuotoilun työtapoihin. Työskentelyyn käytössä Opas yhteisöohjautuvuuden poluille. Keskustelua ja reflektointia omista tavoitteista ja organisaation tarpeista. Yksilöllinen mentorituki itsearviointityökalun käyttöön. Hyödyt organisaatiolle: • Mahdollisuus tutustua yhteisöohjautuvuuden periaatteisiin käytännönläheisesti. • Tukee organisaation…,,Yhteisöohjautuvuus: Kokeile ja tutustu – aloituspaketti yhteisöohjautuvuuteen;Sopii kaikille aloille;Tilauskoulutus;koulutus Useita,
4404,verkko,https://savonkoulutus.fi/koulutukset/yhteisoohjautuvuus-riisu-ja-ravistele-toiminnallinen-esihenkilovalmennus/,https://savonkoulutus.fi/wp-content/uploads/2024/12/sakky_oy-1400x883.jpg,Sopii kaikille aloille,Yhteisöohjautuvuus: Riisu ja ravistele - toiminnallinen esihenkilövalmennus,Monimuotototeutus,Yhteisöohjautuvuus-koulutuksessa toteutetaan kolmen valmennuksen sarja (3 t/krt) 3–4 kuukauden aikana. Jokaisessa tapaamisessa on toiminnallisia harjoituksia sisällä tai ulkona. Teemat: - tulevaisuuskuva ja tiimin kehityskaari - rajoittavat uskomukset - valmentavan työotteen harjoittelu - esihenkilön roolit ja käytännön testaus. Hyödyt: • Tunnistaa johtamista ohjaavat uskomukset ja ajattelumallit. • Löytää uusia keinoja valmentavaan ja osallistavaan johtamiseen. • Synnyttää innostavia…,,Yhteisöohjautuvuus: Riisu ja ravistele - toiminnallinen esihenkilövalmennus;Sopii kaikille aloille;Tilauskoulutus,
3349,useita,https://savonkoulutus.fi/koulutukset/alkusammutuskoulutus/,https://savonkoulutus.fi/wp-content/uploads/2025/03/alkusammutus-800-x-400-px.jpg,Sopii kaikille aloille,Alkusammutuskoulutus,Useita,"Alkusammutuskoulutuksen tavoitteena on varmistaa, että osallistujat osaavat ja uskaltavat käyttää sammutuspeitettä ja käsisammutinta hätätilanteessa. Koulutuksessa käydään läpi tulipalon kehittyminen ja havainnollistetaan, miksi nopea ja tehokas alkusammutus on tärkeää. Koulutuksen aikana osallistujat tutustuvat paloriskien tunnistamiseen ympäristössään sekä oppivat toimimaan onnettomuustilanteissa lakisääteisten pelastustoimenpiteiden mukaisesti. Koulutuksen sisältö: Vaarojen tunnistaminen ja…",,Alkusammutuskoulutus;Sopii kaikille aloille;Tilauskoulutus;koulutus Useita,
3047,useita,https://savonkoulutus.fi/koulutukset/kuormausnosturin-kaytto-asennustyossa/,https://savonkoulutus.fi/wp-content/uploads/2025/04/taustakuva-20.jpg,"Ajoneuvo, logistiikka",Kuormausnosturin käyttö asennustyössä,Useita,"Koulutuksen sisältö: yli 25 tm kuormausnosturin käyttö asennustyössä nostosuunnitelmat nosturin ja nostoapuvälineiden tarkastus- ja hylkäysperusteet henkilönostot muuta asennusnostoihin liittyvää tärkeää tietoa. Koulutus kestää 2-3 päivää. Koulutuksen jälkeen pätevyyden saamiseksi voit suorittaa maanrakennusalan ammattitutkinnon tutkinnon osan ”kuormausnosturin käyttö asennustyössä” näytön, jolla saat pätevyyden yli 25tm kuormausnosturin käyttöön asennustyössä. Koulutuksen ja näytön…",,Kuormausnosturin käyttö asennustyössä;Ajoneuvo;logistiikka;Tilauskoulutus;koulutus Useita,5282
4027,verkko,https://savonkoulutus.fi/koulutukset/webauton-ammattipatevyyden-jatkokoulutukset-verkkokoulutuksina/,https://savonkoulutus.fi/wp-content/uploads/2024/12/sakky_oy-1400x883.jpg,"Ajoneuvo, logistiikka",Ammattipätevyyden jatkokoulutukset verkkokoulutuksina,Verkkokurssi,"Löydät kaikki ammattipätevyyden jatkokoulutusten verkkokoulutukset täältä Tämä koulutusmuoto on valvottua verkkokoulutusta. Valvomossa valvovat ammattitaitoiset ja ammattipätevyyden omaavat valvojat. Koulutus tapahtuu verkossa, joten voit osallistua koulutuksiin mistä haluat ja mihin ajankohtaan haluat. Voit käyttää mitä tahansa uudehkoa tietokonetta, älypuhelinta tai tablettia. Tarvitset lisäksi WhatsApp- tai Signal-sovelluksen valvomon yhteyttä varten.",,Ammattipätevyyden jatkokoulutukset verkkokoulutuksina;Ajoneuvo;logistiikka;Ammattipätevyyden jatkokoulutus,
4451,verkko,https://savonkoulutus.fi/koulutukset/muutosturvakoulutus/,https://savonkoulutus.fi/wp-content/uploads/2026/08/Muutosturvakoulutukset-780x390-1.jpg,Sopii kaikille aloille,Muutosturvakoulutus,Monimuotototeutus,"Tarjoamme muutosturvavalmennuksia ja -koulutuksia työnantajille ja yksityishenkilölle. Verkkokaupastamme löytyy laaja-alainen valikoima jo valmiina olevia koulutuksia. Voimme myös räätälöidä koulutuksen tai valmennuksen, johon huomioimme tarvelähtöisesti laajalti eri toimialojen mahdollisuudet ja suunnittelemme juuri sinulle sopivan kokonaisuuden. Toteutamme myös työpaikoille ryhmävalmennuksia, jonka tavoitteena voi esimerkiksi olla - tukea osallistujaa oman tilanteen kartoittamisessa ja…",,Muutosturvakoulutus;Sopii kaikille aloille;Tilauskoulutus,
5742,useita,https://savonkoulutus.fi/koulutukset/kaasusumuttimen-kaytto-petoelainten-aiheuttamissa-uhkatilanteissa/,https://savonkoulutus.fi/wp-content/uploads/2024/12/sakky_oy-1400x883.jpg,Turvallisuus,Kaasusumuttimen käyttö petoeläinten aiheuttamissa uhkatilanteissa,Useita,Koulutuksen sisältö: Kaasusumuttimen sisältämät aineet Kaasusumutin Kaasusumuttimen käyttö Käytännön osaamisen toteaminen ja koe Koulutus on kestoltaan 6 tuntia. Hyväksytysti suoritetun koulutuksen jälkeen osallistujalla on mahdollisuus hakea poliisilta hallussapitolupaa kaasusumuttimelle mahdollisia suurpetokohtaamisia varten. Koulutuksen sisältö perustuu Poliisihallituksen ohjeistukseen kaasusumutinkoulutuksen vaatimuksista ja sisällöstä.,,Kaasusumuttimen käyttö petoeläinten aiheuttamissa uhkatilanteissa;Turvallisuus;Ammatillinen täydennyskoulutus;korttikoulutukset;koulutus Useita,
5469,useita,https://savonkoulutus.fi/koulutukset/konepajamittaukset/,https://savonkoulutus.fi/wp-content/uploads/2024/12/sakky_oy-1400x883.jpg,"Kone-, tuotanto- ja energiatekniikka",Konepajamittaukset-koulutus,Useita,"Koulutuksen sisältö: Piirustusten lukemisen - kertaus Vastaanottotarkistukset – mitä on tarkistettava Jäljitettävyys – kappaleen tunnistetiedot Mittapöytäkirjan lukeminen ja tarkistus ISO-toleranssit, sovitteet ja pinnanlaatumerkinnät - kertaus Mittaaminen – käsimittavälineiden käsittely ja yleisimmät mittavirheet Mittausepävarmuus Käsimittavälineiden tarkistus ja kalibroinnit – vuositarkistukset Koulutuksessa opit hallitsemaan alihankinnasta tulleiden osien vastaanottotarkastuksen, tekemään…",,Konepajamittaukset-koulutus;Kone-;tuotanto- ja energiatekniikka;Tilauskoulutus;koulutus Useita,
4452,verkko,https://savonkoulutus.fi/koulutukset/rekrykoulutus/,https://savonkoulutus.fi/wp-content/uploads/2024/12/sakky_oy-1400x883.jpg,Sopii kaikille aloille,RekryKoulutus,Monimuotototeutus,"RekryKoulutus on erinomainen vaihtoehto, kun tarvitaan uutta täsmäkoulutettua työvoimaa. Koulutus räätälöidään yrityksen tarpeisiin ja sen kesto on tavallisesti muutama kuukausi. Tavoitteena on antaa opiskelijoille osaaminen, jolla he voivat aloittaa työskentelyn rekrytointitarpeen mukaisissa työtehtävissä. Koulutus toteutetaan yhdessä työllisyysalueen kanssa, jolloin työnantajan osuus koulutuksen kokonaiskustannuksista on 30 %. Koulutukseen valitut ja sen hyväksytysti suorittaneet…",,RekryKoulutus;Sopii kaikille aloille;Rekrytoiva koulutus,
3044,useita,https://savonkoulutus.fi/koulutukset/trukkikoulutus-alalla-tyoskenteleville/,https://savonkoulutus.fi/wp-content/uploads/2025/04/trukkikoulutus1.jpg,"Ajoneuvo, logistiikka",Trukkikoulutus alalla työskenteleville I tilauskoulutus ryhmille,Useita,"Trukkikoulutuksen sisältö ja ajankohta järjestetään työyhteisönne toiveiden ja tarpeiden mukaan. Teoriaopetus: Trukinkuljettajan vastuut ja velvollisuudet (lainsäädäntö) Trukkityypit Ajoonlähtötarkastus Mitat ja painopisteet Konekilvet ja nostokyky Henkilönostot Kuormankäsittely/lastaaminen Hylly- ja paloturvallisuus Tyypilliset trukkivahingot ja tapaturmat Teoriakoe Trukin käsittely käytännössä: Ajoonlähtötarkastus ja päivittäiset huoltokohteet Ajokoulutus lavansiirtovaunu, työntömastotrukki…",,Trukkikoulutus alalla työskenteleville I tilauskoulutus ryhmille;Ajoneuvo;logistiikka;Tilauskoulutus;koulutus Useita,
3045,useita,https://savonkoulutus.fi/koulutukset/trukkikoulutus-aloittelijoille/,https://savonkoulutus.fi/wp-content/uploads/2025/04/trukkikoulutus2.jpg,"Ajoneuvo, logistiikka",Trukkikoulutus aloittelijoille I tilauskoulutus ryhmille,Useita,Koulutus toteutetaan kaksipäiväisenä ja se räätälöidään asiakkaan tarpeiden mukaan. 1. koulutuspäivä Teoriaopetus: Trukinkuljettajan vastuut ja velvollisuudet (lainsäädäntö) Trukkityypit Ajoonlähtötarkastus Mitat ja painopisteet Konekilvet ja nostokyky Henkilönostot Kuormankäsittely/lastaaminen Hylly- ja paloturvallisuus Tyypilliset trukkivahingot ja tapaturmat Teoriakoe 2. koulutuspäivä Trukin käsittely käytännössä: Ajoonlähtötarkastus ja päivittäiset huoltokohteet Ajokoulutus…,,Trukkikoulutus aloittelijoille I tilauskoulutus ryhmille;Ajoneuvo;logistiikka;Tilauskoulutus;koulutus Useita,
4477,verkko,https://savonkoulutus.fi/koulutukset/mastercam-cam-tyostoteknologiat/,https://savonkoulutus.fi/wp-content/uploads/2024/12/sakky_oy-1400x883.jpg,"Kone-, tuotanto- ja energiatekniikka",Mastercam - CAM-työstöteknologiat,Monimuotototeutus,"Koulutuksen kesto ja laajuus räätälöidään yrityksen tarpeen mukaan, ja se voi olla olla kestoltaan 3-5 päivää. Koulutus voi sisältää esimerkiksi seuraavia teemoja: Mastercam 3D mallin käsittely Jyrsintätyöstöradat Nollapisteiden luominen Työstökeskusharjoitus Moniakseli työstöradat Mastercam sorvaus ominaisuudet Kehittyneet sorvausradat Pyörivien työkalujen työstöradat Kappaleen poiminta apukaralle Apukaralla työstö 5-akselinen työstö monitoimisorvilla Millturn harjoitukset.",,Mastercam - CAM-työstöteknologiat;Kone-;tuotanto- ja energiatekniikka;Tilauskoulutus,
4533,verkko,https://savonkoulutus.fi/koulutukset/laskimoverinaytteen-ottaminen/,https://savonkoulutus.fi/wp-content/uploads/2024/12/sakky_oy-1400x883.jpg,Sosiaali ja terveys,Hoitotyön koulutukset: Laskimoverinäytteen ottaminen ja kroonisten haavojen hoito,Monimuotototeutus,"Suunnittelemme koulutukset yhdessä asiakkaan kanssa siten, että ne vastaavat sekä sisällöllisesti että toteutustavoiltaan asiakkaan työyhteisön tarpeita. Koulutuksen kesto ja laajuus räätälöidään asiakkaan tarpeen mukaan. Yhden koulutuksen harjoituskerta on 4 tuntia. Koulutus voidaan toteuttaa toimipisteillämme tai paikan päällä työpaikalla. Laskimoverinäytteen ottaminen -koulutuksen sisältö: Tutkimuksen tarve ja lähete Asiakkaan ohjaaminen Valmistautuminen näytteenottoon Asiakkaan…",,Hoitotyön koulutukset: Laskimoverinäytteen ottaminen ja kroonisten haavojen hoito;Sosiaali ja terveys;Tilauskoulutus,
3385,verkko,https://savonkoulutus.fi/koulutukset/palvelumuotoilukoulutus/,https://savonkoulutus.fi/wp-content/uploads/2025/04/verkkokauppakuva-3.jpg,Sopii kaikille aloille,Palvelumuotoilukoulutus,Etätoteutus,"Palvelumuotoilukoulutuksessa opetetaan asiakasymmärryksen rakentamista, ratkaisujen kehittämistä ja palvelukokemuksen parantamista käytännön menetelmillä. Koulutus voi sisältää esimerkiksi seuraavia teemoja: Mitä on palvelumuotoilu? - Perusteet ja ajattelutapa Palvelukokemuksen arviointi ja testaus Palvelulupaus ja sen lunastaminen kaikissa kohtaamispisteissä Monikanavaisen asiakaskokemuksen kehittäminen Asiakaskeskeisyys ja asiakasymmärryksen rakentaminen Suunnittelemme koulutukset yhdessä…",,Palvelumuotoilukoulutus;Sopii kaikille aloille;Tilauskoulutus,
3870,verkko,https://savonkoulutus.fi/koulutukset/markkinoinnin-tilauskoulutus/,https://savonkoulutus.fi/wp-content/uploads/2025/04/verkkokauppakuva-3.jpg,Sopii kaikille aloille,Markkinoinnin tilauskoulutus,Monimuotototeutus,"Suunnittelemme koulutukset yhdessä asiakkaan kanssa siten, että ne vastaavat sekä sisällöllisesti että toteutustavoiltaan asiakkaan tarpeita. Koulutus voi sisältää esimerkiksi seuraavia teemoja: Digitaalinen markkinointi Markkinoinnin suunnittelun perusteet Markkinointikanavien perusteet Markkinoinnin mittaaminen ja seuranta Markkinointi asiakaspalvelun tukena Sisältömarkkinointi ja viestintä Sosiaalinen media liiketoiminnassa Strateginen markkinointi Brändin kehittäminen Myynnin ja…",,Markkinoinnin tilauskoulutus;Sopii kaikille aloille;Tilauskoulutus,
4321,useita,https://savonkoulutus.fi/koulutukset/muoviputkistojen-hitsauskoulutukset/,https://savonkoulutus.fi/wp-content/uploads/2024/12/sakky_oy-1400x883.jpg,Rakentaminen ja talotekniikka,Muoviputkistojen hitsauskoulutukset,Useita,"Puskuhitsaus, sähkömuhvi- ja sähkösatulakoulutus, 4 pv Muovisten enintään halkaisija 315 mm paineputkien pusku- ja sähköhitsaus. Koulutuksen aikana opitaan mm. muoviputkien teknisiä ominaisuuksia, puskuhitsausmenetelmiä. Lanka- ja ekstruuderihitsaus, 2 pv Koulutuksen aikana opit mm. perustiedot muoveista sekä polyeteenin ja polypropeenin materiaaliominaisuuksista, kuumailmahitsauksesta sekä ekstruusiohitsauksesta. Muovihitsauksen valvojakoulutus, 2 pv Koulutuksesta saa valmiudet toimia…",,Muoviputkistojen hitsauskoulutukset;Rakentaminen ja talotekniikka;Tilauskoulutus;koulutus Useita,
4380,verkko,https://savonkoulutus.fi/koulutukset/yhteisoohjautuvuus-hoksaa-ja-harjoittele-yhteisoohjautuvuuden-tyopaja/,https://savonkoulutus.fi/wp-content/uploads/2024/12/sakky_oy-1400x883.jpg,Sopii kaikille aloille,Yhteisöohjautuvuus: Hoksaa ja harjoittele – yhteisöohjautuvuuden työpaja,Monimuotototeutus,"Tässä yhteisöohjautuvuus-työpajassa edetään seuraavasti: 1. valmistelutapaaminen (1 t, Teams) 2. työpaja 1 (3 t) - yhteisöohjautuvuuden perusteet, harjoittelu ja keskustelu 3. kokeilujakso arjessa – sovittujen käytäntöjen testaus 4. työpaja 2 (1 t) - kokemusten purku, jatkokehityksen ideointi. Kehittämisen kohteina voivat olla esimerkiksi: • neuvonanto ja päätöksenteko • viestintä ja palaverikäytännöt • palaute, puheeksi ottaminen ja arvostava vuorovaikutus. Työskentely perustuu arjen…",,Yhteisöohjautuvuus: Hoksaa ja harjoittele – yhteisöohjautuvuuden työpaja;Sopii kaikille aloille;Tilauskoulutus,
2967,useita,https://savonkoulutus.fi/koulutukset/sosiaali-ja-terveysalan-turvallisuusosaaja-koulutus/,https://savonkoulutus.fi/wp-content/uploads/2025/03/kolme-ihmista-.jpg,Sopii kaikille aloille,Sosiaali- ja terveysalan turvallisuusosaaja -koulutus,Useita,"Sosiaali- ja terveysalan turvallisuusosaaja-koulutus tarjoaa osallistujille perustiedot ja käytännön valmiudet turvallisuuden edistämiseksi sosiaali- ja terveysalalla. Koulutuksessa käsitellään tärkeitä turvallisuusasioita, jotka tukevat työntekijöiden ja asiakkaiden hyvinvointia. Koulutuksen kesto on 8 tuntia. Koulutuksen sisältöön kuuluu: Turvallisuuskulttuuri: Turvallisuusajattelun merkitys työyhteisössä ja sen edistäminen. Turvallisuuden osa-alueet: Erilaiset turvallisuuden osa-alueet…",,Sosiaali- ja terveysalan turvallisuusosaaja -koulutus;Sopii kaikille aloille;Ammatillinen täydennyskoulutus;korttikoulutukset;koulutus Useita,
3040,verkko,https://savonkoulutus.fi/koulutukset/validaatio-teoiksi-kohtaa-tue-ja-vahvista-muistiymmarrysta/,https://savonkoulutus.fi/wp-content/uploads/2025/03/validaatioteoiksi.jpg,Sopii kaikille aloille,"Validaatio teoiksi – Kohtaa, tue ja vahvista muistiymmärrystä",Etätoteutus,"Koulutuksessa käsitellään Validaatiomenetelmän perusteita ja se räätälöidään asiakasryhmän toiveiden ja tarpeiden mukaan. Koulutus etenee luentoalustusten sekä kokeilevien harjoitusten avulla. Koulutukseen kuuluu myös työskentely ja kokeilut käytännön tilanteissa. Tehtävien tavoitteena tutkia ja arvioida kohtaamistilanteita ja edetä niissä ratkaisukeskeisesti, ottaen huomioon muistisairaan henkilön kokemus ja tarpeet. Koulutuksessa käsiteltäviä teemoja ovat muisti ja muistamisen vaikutukset…",,"Validaatio teoiksi – Kohtaa, tue ja vahvista muistiymmärrystä;Sopii kaikille aloille;Tilauskoulutus",
2966,useita,https://savonkoulutus.fi/koulutukset/lean-koulutukset/,https://savonkoulutus.fi/wp-content/uploads/2025/04/lean.jpg,Sopii kaikille aloille,Lean-koulutuksilla näkökulmia kehittämiseen,Useita,"Lean liiketoiminnan hyödyksi. Voisimmeko tuoda teidän arkeen leanilla tehoa? Koulutuspalveluistamme löytyy vaihtoehtoja ja asiantuntijat tarpeeseenne. Lean-ajattelun perusteet // Tehokkuutta ilman hukkaa (1 pv) Koulutuksen tavoitteena on antaa selkeä ja käytännönläheinen ymmärrys lean-ajattelusta ja sen hyödyntämisestä yrityksen arjessa. Osallistujat oppivat keskeiset lean-periaatteet ja työkalut, tunnistamaan ja vähentämään hukkaa sekä parantamaan laadunhallintaa omassa työssään. Koulutus…",,Lean-koulutuksilla näkökulmia kehittämiseen;Sopii kaikille aloille;Tilauskoulutus;koulutus Useita,
3043,useita,https://savonkoulutus.fi/koulutukset/spr-ensiapukurssi-ea-1-i-tilauskoulutus-ryhmille/,https://savonkoulutus.fi/wp-content/uploads/2025/03/Pelastusharjoitukset-pelastajat-niskatuki-2023_4.jpg,Sopii kaikille aloille,"SPR Ensiapukurssi EA 1®, tilauskoulutus ryhmille",Useita,"Koulutus on kaksipäiväinen (16 t), jossa ensimmäinen päivä sisältää kattavasti hätäensiavun aiheita ja harjoituksia, toisena päivänä käydään läpi arjen tapaturmia ja muita ensiavun tilanteita, kuten palovammojen ja myrkytysten ensiapua. Kurssin sisältö toiminta auttamistilanteessa tajuttoman henkilön tunnistaminen ja ensiapu painelu-puhalluselvytys sekä neuvovan defibrillaattorin käyttö tukehtumassa olevan henkilön ensiapu raajassa olevan suuren verenvuodon tyrehdyttäminen sokki tavallisimpien…",,"SPR Ensiapukurssi EA 1®, tilauskoulutus ryhmille;Sopii kaikille aloille;Ammatillinen täydennyskoulutus;korttikoulutukset;koulutus Useita",
5565,useita,https://savonkoulutus.fi/koulutukset/lean-valmennus-yrityksessa/,https://savonkoulutus.fi/wp-content/uploads/2025/04/lean.jpg,Sopii kaikille aloille,Lean-valmennus yrityksessä,Useita,"Valmennuksen kesto suunnitellaan asiakasyrityksen kanssa tarpeen mukaan alkaen yhden päivän toteutuksista laajempiin kokonaisuuksiin. Tässä esimerkkejä valmennussisällöistämme: Järjestyksellä tuottavuutta // 5S + Safety arkeen Tuottavan työn jatkuvuus turvataan luomalla työpisteelle selkeä visuaalinen ohjaus. Valmennuksessa järjestetään valitut työpisteet hukan vähentämiseksi. Tavoitteena on luoda mitattavia, näkyviä tuloksia, joita voidaan hyödyntää myös muiden työpisteiden kehittämisessä…",,Lean-valmennus yrityksessä;Sopii kaikille aloille;Tilauskoulutus;koulutus Useita,
3042,useita,https://savonkoulutus.fi/koulutukset/spr-hataensiapukurssi-8-t-tilauskoulutus-ryhmille/,https://savonkoulutus.fi/wp-content/uploads/2025/03/Pelastusharjoitukset-pelastajat-niskatuki-2023_4.jpg,Sopii kaikille aloille,"SPR Hätäensiapukurssi 8 t®, tilauskoulutus ryhmille",Useita,"SPR Hätäensiapukurssi 8 t® on kokopäivän (8 t) kestävä hätäensiapukurssi, jossa pääset mm. opettelemaan elvytystä, defibrillaattorin käyttöä, haavojen sitomista ja erilaisten sairauskohtausten ensiapua. Koulutus toimii myös ensiavun kertauskurssina ja voit päivittää voimassaolevan Ensiapukurssi EA 1®- ja Ensiapukurssi EA 2®- pätevyyden yhden kerran kolmeksi vuodeksi eteenpäin. SPR Hätäensiapukurssi 8 t® aiheita ovat toiminta auttamistilanteessa tajuttoman henkilön tunnistaminen ja ensiapu…",,"SPR Hätäensiapukurssi 8 t®, tilauskoulutus ryhmille;Sopii kaikille aloille;Ammatillinen täydennyskoulutus;korttikoulutukset;koulutus Useita",
3868,verkko,https://savonkoulutus.fi/koulutukset/johtaminen-ja-esihenkilotyo-tilauskoulutuksena/,https://savonkoulutus.fi/wp-content/uploads/2024/12/yhteistyo-savonkoulutus.jpg,Sopii kaikille aloille,Johtaminen ja esihenkilötyö tilauskoulutuksena,Monimuotototeutus,Koulutuksen sisältö ja toteutus räätälöidään asiakkaan tarpeen mukaan. Teemoja voivat olla esimerkiksi seuraavat: Johtajuuden perusteet Haastavat johtamistilanteet Motivointi ja työntekijöiden sitouttaminen Tiimin/työryhmän johtaminen Muutoksen johtaminen Työhyvinvoinnin johtaminen Ajanhallinta ja priorisointi Henkilöstöjohtaminen ja henkilöstön osaamisen johtaminen Etäjohtaminen ja hybridityö Arvot ja vastuullisuus johtamisessa Asiakkuuksien johtaminen Vuorovaikutus ja viestintä Koulutamme…,,Johtaminen ja esihenkilötyö tilauskoulutuksena;Sopii kaikille aloille;Tilauskoulutus,
